{"crate10200": "plush", "crate10200plush00000": "knack", "crate10200plush00000knack00222": "aback", "crate00202": "slump", "crate00202slump10000": "abase", "crate00222": "polks", "crate00222polks00000": "agate", "crate00222polks00000agate20222": "abate", "crate00101": "kneel", "crate00101kneel00020": "abbey", "crate00110": "talon", "crate00110talon11020": "abbot", "crate01100": "pylon", "crate01100pylon00020": "ramps", "crate01100pylon00020ramps11000": "abhor", "crate00102": "lambs", "crate00102lambs01010": "abide", "crate00101kneel00021": "abled", "crate00102lambs01010abide22022": "abode", "crate01110": "satyr", "crate01110satyr01101": "abort", "crate00110talon11010": "adopt", "crate00110talon11010adopt20202": "about", "crate00102lambs01010abide22002": "above", "crate00102lambs01011": "abuse", "crate00100": "sonly", "crate00100sonly10001": "abyss", "crate11100": "scram", "crate11100scram02110": "acorn", "crate11100scram02210": "acrid", "crate11110": "actor", "crate10122": "acute", "crate00202slump00000": "knave", "crate00202slump00000knave00202": "adage", "crate00210": "slink", "crate00210slink00000": "adapt", "crate00111": "smelt", "crate00111smelt00202": "adept", "crate00100sonly00100": "aging", "crate00100sonly00100aging20110": "admin", "crate00110talon11000": "admit", "crate00102lambs01020": "adobe", "crate01102": "daris", "crate01102daris11100": "adore", "crate01100pylon00012": "adorn", "crate00110talon11100": "aptly", "crate00110talon11100aptly20120": "adult", "crate00100sonly00000": "gamma", "crate00100sonly00000gamma01000": "affix", "crate01102daris01110": "afire", "crate00110talon11020abbot20022": "afoot", "crate00100sonly01010": "aloud", "crate00100sonly01010aloud21220": "afoul", "crate01111": "alter", "crate01111alter20222": "after", "crate00200": "shuln", "crate00200shuln00002": "again", "crate00202slump00001": "agape", "crate00111smelt00202adept20202": "agent", "crate00102lambs11000": "plink", "crate00102lambs11000plink01200": "agile", "crate00100sonly01010aloud21100": "aglow", "crate00100sonly01102": "agony", "crate01100pylon00010": "aahed", "crate01100pylon00010aahed21000": "agora", "crate01102daris01200": "agree", "crate00101kneel00200": "omega", "crate00101kneel00200omega00201": "ahead", "crate01101": "palmy", "crate01101palmy01000": "jehad", "crate01101palmy01000jehad01011": "aider", "crate00102lambs11001": "aisle", "crate01200": "dowls", "crate01200dowls00010": "flair", "crate01200dowls00010flair02201": "alarm", "crate00100sonly00010": "axial", "crate00100sonly00010axial20001": "album", "crate01111alter22111": "alert", "crate00102lambs11000plink02000": "algae", "crate00100sonly00010axial20201": "alibi", "crate00101kneel01021": "laden", "crate00101kneel01021laden11022": "alien", "crate00100sonly00110": "align", "crate00102lambs11000plink02201": "alike", "crate00102lambs11000plink02200": "alive", "crate00100sonly00012": "balmy", "crate00100sonly00012balmy01202": "allay", "crate00101kneel00021abled20220": "alley", "crate00110talon11220": "allot", "crate00100sonly01010aloud22100": "allow", "crate00100sonly01012": "alloy", "crate00110talon11110": "fling", "crate00110talon11110fling12000": "aloft", "crate00102lambs11000plink02020": "alone", "crate00100sonly01110": "along", "crate00100sonly01010aloud22200": "aloof", "crate00100sonly00010axial20011": "alpha", "crate01110satyr01202": "altar", "crate00200shuln10000": "amass", "crate00202slump00010": "amaze", "crate01101palmy01010": "smear", "crate01101palmy01010smear02112": "amber", "crate00102lambs11110": "amble", "crate00101kneel01200": "amend", "crate00100sonly10000": "basis", "crate00100sonly10000basis01112": "amiss", "crate00120": "spiny", "crate00120spiny00202": "amity", "crate00100sonly01100": "wagon", "crate00100sonly01100wagon01111": "among", "crate00102lambs11100": "ample", "crate00100sonly00022": "dimps", "crate00100sonly00022dimps00110": "amply", "crate00102lambs01101": "amuse", "crate00101kneel02022": "angel", "crate01101palmy01000jehad01010": "anger", "crate00102lambs11000plink01010": "angle", "crate01100pylon01001": "rainy", "crate01100pylon01001rainy11012": "angry", "crate00110talon11001": "angst", "crate00102lambs01100": "anime", "crate00102lambs11000plink01011": "ankle", "crate00101kneel02020": "annex", "crate00100sonly01202": "annoy", "crate00100sonly00210": "banal", "crate00100sonly00210banal01202": "annul", "crate00102lambs01000": "anode", "crate10110": "haint", "crate10110haint01111": "antic", "crate00100sonly00110align21101": "anvil", "crate01120": "warty", "crate01120warty01220": "aorta", "crate01210": "start", "crate01210start00222": "quart", "crate01210start00222quart00222": "apart", "crate00100sonly00000gamma01000affix20020": "aphid", "crate00100sonly00100aging20222": "aping", "crate00101kneel01020": "waxen", "crate00101kneel01020waxen01021": "apnea", "crate00102lambs11000plink11000": "apple", "crate00100sonly00022dimps00010": "apply", "crate01100pylon10022": "apron", "crate02100": "arbor", "crate02100arbor22022": "ardor", "crate02101": "bread", "crate02101bread02210": "arena", "crate02102": "arose", "crate02102arose22002": "argue", "crate02102arose22022": "arise", "crate02100arbor22022ardor22022": "armor", "crate02100arbor22010": "aroma", "crate02100arbor22001": "array", "crate02100arbor22021": "arrow", "crate02100arbor22020": "arson", "crate02110": "triad", "crate02110triad12010": "artsy", "crate10110haint01002": "ascot", "crate00101kneel01020waxen01022": "ashen", "crate00102lambs01001": "aside", "crate00101kneel10020": "askew", "crate00100sonly10002": "assay", "crate00111smelt10102": "asset", "crate00110talon11110fling01000": "atoll", "crate00112": "table", "crate00112table11002": "atone", "crate10110haint01101": "attic", "crate00100sonly01000": "audio", "crate00110talon11000admit21022": "audit", "crate01100pylon00000": "radar", "crate01100pylon00000radar01002": "augur", "crate00120spiny00012": "aunty", "crate00200shuln00010": "flail", "crate00200shuln00010flail00222": "avail", "crate01111alter20111": "avert", "crate00100sonly00100aging20210": "avian", "crate00100sonly01000audio20121": "avoid", "crate00210slink00100": "await", "crate00202slump00000knave10202": "awake", "crate01200dowls10100": "award", "crate01202": "flaps", "crate01202flaps00200": "aware", "crate00200shuln11000": "awash", "crate00100sonly00010axial20002": "awful", "crate00102lambs01000anode20202": "awoke", "crate00100sonly01000audio20011": "axiom", "crate00100sonly01100wagon01022": "axion", "crate01102daris01100": "azure", "crate10100": "limbo", "crate10100limbo00011": "bacon", "crate00102lambs02010": "badge", "crate00100sonly00022dimps10000": "badly", "crate00101kneel00022": "graph", "crate00101kneel00022graph10100": "bagel", "crate00100sonly00002": "podgy", "crate00100sonly00002podgy00022": "baggy", "crate01101palmy02000": "gowfs", "crate01101palmy02000gowfs00000": "rarer", "crate01101palmy02000gowfs00000rarer02022": "baker", "crate01101palmy02200": "baler", "crate00100sonly01200": "banjo", "crate01102daris02200": "large", "crate01102daris02200large02222": "barge", "crate01100pylon00022": "baron", "crate00100sonly10010": "basil", "crate00100sonly10010basil22202": "basal", "crate10100limbo01010": "basic", "crate00100sonly10100": "basin", "crate00122": "whups", "crate00122whups00001": "baste", "crate10110haint12001": "blimp", "crate10110haint12001blimp20000": "batch", "crate00112table12102": "bathe", "crate00110talon12022": "baton", "crate00120spiny00002": "beefs", "crate00120spiny00002beefs20000": "batty", "crate00100sonly00002podgy00102": "bawdy", "crate00100sonly01001": "bayou", "crate10201": "pulli", "crate10201pulli00000": "beach", "crate00201": "leash", "crate00201leash02200": "beady", "crate01201": "limby", "crate01201limby00010": "beard", "crate00211": "idyls", "crate00211idyls00001": "feast", "crate00211idyls00001feast02222": "beast", "crate10001": "debel", "crate10001debel02110": "beech", "crate00001": "leben", "crate00001leben02110": "beefy", "crate00011": "sleet", "crate00011sleet00102": "debit", "crate00011sleet00102debit02122": "befit", "crate00101kneel01100": "began", "crate00111smelt00102": "begat", "crate00011sleet00122": "beget", "crate00001leben02102": "begin", "crate00001leben02102begin22202": "begun", "crate00001leben02101": "being", "crate10001debel02101": "belch", "crate00002": "sling", "crate00002sling01100": "belie", "crate00002sling01000": "roved", "crate00002sling01000roved00010": "belle", "crate00001leben12100": "below", "crate00001leben12100below22200": "belly", "crate10001debel02100": "bench", "crate01011": "meter", "crate01011meter02121": "reset", "crate01011meter02121reset12022": "beret", "crate01001": "winds", "crate01001winds00000": "lumpy", "crate01001winds00000lumpy00002": "ferry", "crate01001winds00000lumpy00002ferry02222": "berry", "crate01021": "berth", "crate00011sleet10122": "beset", "crate00011sleet01121": "betel", "crate00001leben12120": "bezel", "crate00001leben12120bezel22022": "bevel", "crate00002sling01100belie20112": "bible", "crate10001debel00120": "bicep", "crate00000": "godly", "crate00000godly00202": "buddy", "crate00000godly00202buddy20222": "biddy", "crate00010": "hoing", "crate00010hoing01101": "bigot", "crate00002sling01101": "bilge", "crate00000godly00022": "shlub", "crate00000godly00022shlub00201": "billy", "crate00002sling00111": "binge", "crate00000godly11000": "owing", "crate00000godly11000owing10111": "bingo", "crate00002sling00100": "movie", "crate00002sling00100movie11012": "biome", "crate11000": "mucho", "crate11000mucho00110": "birch", "crate01020": "wingy", "crate01020wingy02000": "mirth", "crate01020wingy02000mirth02222": "birth", "crate00000godly01000": "spoon", "crate00000godly01000spoon10022": "bison", "crate00020": "nodus", "crate00020nodus00000": "flaky", "crate00020nodus00000flaky00002": "witty", "crate00020nodus00000flaky00002witty02222": "bitty", "crate10200plush02000": "flack", "crate10200plush02000flack02222": "black", "crate00202slump02000": "fadge", "crate00202slump02000fadge01102": "blade", "crate00202slump02020": "flame", "crate00202slump02020flame02222": "blame", "crate00200shuln00011": "biped", "crate00200shuln00011biped20002": "bland", "crate00200shuln00011biped20000": "blank", "crate01202flaps02200": "glare", "crate01202flaps02200glare02222": "blare", "crate00210slink12000": "blast", "crate00202slump02000fadge01002": "blaze", "crate00101kneel10201": "bleak", "crate00111smelt00212": "bleat", "crate00001leben11120": "bleed", "crate00001leben11120bleed22220": "bleep", "crate00001leben11101": "blend", "crate00001leben11100": "bless", "crate00000godly00010": "sunup", "crate00000godly00010sunup00002": "blimp", "crate00000godly00110": "livid", "crate00000godly00110livid11002": "blind", "crate00000godly00010sunup00100": "blink", "crate00000godly00010sunup10000": "bliss", "crate00020nodus00000flaky02000": "blitz", "crate00110talon11110fling02000": "bloat", "crate10000": "spoil", "crate10000spoil00201": "block", "crate00002sling02000": "umped", "crate00002sling02000umped00010": "bloke", "crate00000godly01110": "blood", "crate00000godly01110blood22202": "blond", "crate00000godly01010": "spoof", "crate00000godly01010spoof00220": "bloom", "crate00000godly01010spoof00200": "blown", "crate01001winds00000lumpy11000": "bluer", "crate00000godly00010sunup01000": "fluff", "crate00000godly00010sunup01000fluff02222": "bluff", "crate00010hoing00020": "stunt", "crate00010hoing00020stunt00222": "blunt", "crate01000": "surly", "crate01000surly01110": "blurb", "crate01010": "shout", "crate01010shout00012": "blurt", "crate00000godly00010sunup11000": "blush", "crate01200dowls12000": "board", "crate00210slink10000": "boast", "crate00000godly02002": "boson", "crate00000godly02002boson22000": "bobby", "crate00001leben00121": "boney", "crate00000godly12000": "bongo", "crate00000godly02000": "bonus", "crate00000godly02002boson22010": "booby", "crate00010hoing02000": "boost", "crate00020nodus02000": "booty", "crate00020nodus02000booty22220": "booth", "crate00002sling00000": "loury", "crate00002sling00000loury02000": "booze", "crate00000godly02002boson22010booby22202": "boozy", "crate01100pylon00010aahed10000": "borax", "crate01002": "sprog", "crate01002sprog00210": "horde", "crate01002sprog00210horde02202": "borne", "crate00000godly02000bonus22001": "bosom", "crate00000godly02002boson22200": "bossy", "crate10010": "hound", "crate10010hound12000": "botch", "crate00000godly12000bongo22020": "bough", "crate00002sling01000roved02010": "boule", "crate00000godly02100": "whips", "crate00000godly02100whips00000": "frump", "crate00000godly02100whips00000frump00200": "bound", "crate00001leben10120": "bowel", "crate01001winds00000lumpy00000": "rover", "crate01001winds00000lumpy00000rover02022": "joker", "crate01001winds00000lumpy00000rover02022joker02022": "boxer", "crate12202": "brace", "crate02200": "dings", "crate02200dings11000": "braid", "crate02200dings01100": "brain", "crate02202": "dimps", "crate02202dimps00000": "grave", "crate02202dimps00000grave02202": "brake", "crate02200dings10100": "brand", "crate02200dings00001": "brash", "crate02200dings00002": "brass", "crate02202dimps00000grave02222": "brave", "crate02200dings00000": "brawl", "crate02200dings00000brawl22200": "bravo", "crate02200dings00100": "prank", "crate02200dings00100prank02210": "brawn", "crate02101bread22220": "break", "crate02001": "defer", "crate02001defer11021": "breed", "crate02100arbor12102": "briar", "crate02002": "ponds", "crate02002ponds00000": "bribe", "crate12000": "prick", "crate12000prick02222": "brick", "crate02002ponds00020": "bride", "crate02001defer00121": "grief", "crate02001defer00121grief02222": "brief", "crate02002ponds00100": "urine", "crate02002ponds00100urine02222": "brine", "crate02000": "bidon", "crate02000bidon21001": "mawky", "crate02000bidon21001mawky00000": "bring", "crate02000bidon21001mawky00010": "brink", "crate02000bidon21001mawky00002": "briny", "crate02000bidon21000": "brisk", "crate02100arbor12110": "broad", "crate02000bidon21010": "broil", "crate02002ponds01000": "begun", "crate02002ponds01000begun21000": "broke", "crate02000bidon20120": "brood", "crate02000bidon20020": "brook", "crate02000bidon20020brook22220": "broom", "crate02020": "froth", "crate02020froth02222": "broth", "crate02000bidon20012": "brown", "crate02010": "tonus", "crate02010tonus10110": "grunt", "crate02010tonus10110grunt02222": "brunt", "crate02000bidon20000": "brush", "crate02022": "write", "crate02022write02022": "brute", "crate00002sling00001": "boeuf", "crate00002sling00001boeuf20110": "budge", "crate00000godly10002": "pygmy", "crate00000godly10002pygmy00202": "buggy", "crate00002sling01001": "lodge", "crate00002sling01001lodge10012": "bugle", "crate00000godly00120": "build", "crate00010hoing00200": "still", "crate00010hoing00200still01220": "quilt", "crate00010hoing00200still01220quilt02222": "built", "crate00002sling01001lodge10022": "bulge", "crate00000godly00012": "sulky", "crate00000godly00012sulky02222": "bulky", "crate00000godly00022shlub00211": "bully", "crate10000spoil00000": "hobby", "crate10000spoil00000hobby10100": "bunch", "crate00000godly00002": "skimp", "crate00000godly00002skimp00000": "funny", "crate00000godly00002skimp00000funny02222": "bunny", "crate01000surly02222": "burly", "crate01010shout00012blurt20112": "burnt", "crate01010shout10012": "burst", "crate00001leben00120": "bused", "crate00000godly00002skimp10000": "bushy", "crate10010hound10100": "butch", "crate00022": "quips", "crate00022quips02000": "butte", "crate00000godly01000spoon00020": "buxom", "crate01001winds00000lumpy02001": "buyer", "crate00100sonly00011": "bylaw", "crate20100": "blind", "crate20100blind11000": "cabal", "crate20100blind10000": "cabby", "crate20100blind10110": "cabin", "crate20102": "loury", "crate20102loury10000": "cable", "crate20100blind00000": "cocoa", "crate20100blind00000cocoa21201": "cacao", "crate20102loury00000": "cache", "crate20120": "cacti", "crate20100blind00001": "caddy", "crate20111": "cleat", "crate20111cleat20112": "cadet", "crate20101": "camel", "crate20101camel22020": "cagey", "crate21100": "carol", "crate21100carol22100": "cairn", "crate20101camel22220": "cameo", "crate20100blind01010": "canal", "crate20100blind00011": "candy", "crate20100blind00020": "canny", "crate20102loury01000": "canoe", "crate20100blind00010": "canon", "crate21101": "cedar", "crate21101cedar21012": "caper", "crate20110": "caput", "crate21110": "carat", "crate21100carol22210": "cargo", "crate21100carol22200": "carry", "crate21102": "carve", "crate20122": "caste", "crate20110caput22001": "catch", "crate21111": "cater", "crate20120cacti22020": "catty", "crate20100blind01000": "caulk", "crate20102loury00200": "cause", "crate20100blind01100": "cavil", "crate20202": "chase", "crate20202chase20222": "cease", "crate20001": "kohen", "crate20001kohen01010": "cello", "crate20202chase22202": "chafe", "crate20200": "khans", "crate20200khans02200": "chaff", "crate20200khans02210": "chain", "crate21200": "charm", "crate21200charm22210": "chair", "crate20200khans12200": "chalk", "crate20200khans02200chaff22200": "champ", "crate20210": "coast", "crate20210coast20202": "chant", "crate20200khans02202": "chaos", "crate21200charm22220": "chard", "crate21210": "chart", "crate20200khans02201": "chasm", "crate20101camel21010": "cheap", "crate20111cleat20222": "cheat", "crate20001kohen10110": "check", "crate20001kohen10120": "cheek", "crate21001": "whirr", "crate21001whirr02002": "cheer", "crate20001kohen00110": "chess", "crate20011": "emeus", "crate20011emeus00201": "chest", "crate20000": "ulmin", "crate20000ulmin00010": "chick", "crate20002": "honds", "crate20002honds10020": "chide", "crate20001kohen00120": "chief", "crate20000ulmin01010": "laldy", "crate20000ulmin01010laldy10010": "child", "crate20000ulmin01010laldy10000": "chili", "crate20000ulmin01010laldy10100": "chill", "crate20002honds10000": "chime", "crate20100blind00220": "china", "crate21000": "loury", "crate21000loury00020": "chirp", "crate20000ulmin00000": "chock", "crate21000loury01010": "choir", "crate20002honds11000": "choke", "crate21000loury01020": "chord", "crate21002": "curve", "crate21002curve20102": "chore", "crate20002honds11001": "chose", "crate20000ulmin10000": "cough", "crate20000ulmin10000cough20201": "chuck", "crate20000ulmin10100": "chump", "crate20000ulmin10001": "chunk", "crate21000loury00220": "churn", "crate20022": "chute", "crate21001whirr00102": "cider", "crate21100carol21100": "cigar", "crate20000ulmin00011": "cinch", "crate21100carol21200": "circa", "crate20000ulmin00020": "civic", "crate20000ulmin01020": "civil", "crate20200khans10200": "clack", "crate20200khans00200": "claim", "crate20200khans00200claim22201": "clamp", "crate20200khans00220": "clang", "crate20200khans10220": "clank", "crate20200khans01201": "clash", "crate20200khans00201": "clasp", "crate20200khans00202": "class", "crate20101camel21011": "clean", "crate21101cedar21022": "clear", "crate20011emeus00200": "cleft", "crate21001whirr00020": "clerk", "crate20000ulmin02010": "cliff", "crate20000ulmin02010cliff22200": "click", "crate20000ulmin02110": "climb", "crate20000ulmin02011": "cling", "crate20000ulmin02011cling22220": "clink", "crate20100blind02000": "cloak", "crate20000ulmin02000": "clock", "crate20002honds01100": "clone", "crate20002honds01001": "close", "crate20020": "cloth", "crate20000ulmin12000": "cloud", "crate20010": "clout", "crate20002honds01000": "clove", "crate20000ulmin02002": "clown", "crate20000ulmin12000cloud22010": "cluck", "crate20001kohen00020": "clued", "crate20000ulmin12100": "clump", "crate20000ulmin12001": "clung", "crate20200khans01200": "coach", "crate21100carol21110": "cobra", "crate20000ulmin01002": "colon", "crate21000loury12010": "color", "crate20011emeus11000": "comet", "crate20000ulmin00200": "comfy", "crate20000ulmin00220": "comic", "crate20100blind00000cocoa22002": "comma", "crate20000ulmin00001": "conch", "crate20000ulmin00001conch22200": "condo", "crate20000ulmin00021": "cynic", "crate20000ulmin00021cynic20222": "conic", "crate20002honds02001": "copse", "crate21100carol21212": "coral", "crate21001whirr00012": "corer", "crate21000loury02012": "corny", "crate20000ulmin10000cough22202": "couch", "crate20000ulmin11000": "could", "crate20010clout20112": "count", "crate20002honds02000": "coupe", "crate21010": "court", "crate20001kohen02022": "coven", "crate21001whirr00002": "cover", "crate20011emeus10000": "covet", "crate20001kohen02020": "covey", "crate21001whirr10002": "cower", "crate20000ulmin01000": "coyly", "crate22200": "pawns", "crate22200pawns01000": "crack", "crate22210": "craft", "crate22200pawns11000": "cramp", "crate22202": "bonza", "crate22202bonza00101": "crane", "crate22200pawns01020": "crank", "crate22200pawns01001": "crash", "crate22200pawns01002": "crass", "crate22202bonza00001": "crave", "crate22200pawns01100": "crawl", "crate22202bonza00021": "craze", "crate22200pawns01000crack22200": "crazy", "crate22101": "cream", "crate22101cream22220": "creak", "crate22001": "kidel", "crate22001kidel00110": "credo", "crate22001kidel00120": "creed", "crate22001kidel10020": "creek", "crate22001kidel00020": "creep", "crate22002": "emove", "crate22002emove11002": "creme", "crate22002emove10002": "crepe", "crate22011": "crept", "crate22001kidel00010": "cress", "crate22011crept22202": "crest", "crate22000": "psion", "crate22000psion00200": "crick", "crate22001kidel01120": "cried", "crate22001kidel01020": "crier", "crate22002emove01002": "crime", "crate22000psion10200": "crimp", "crate22000psion11200": "crisp", "crate22100": "croak", "crate22000psion00010": "crowd", "crate22000psion00010crowd22200": "crock", "crate22002emove00202": "crone", "crate22000psion00011": "crony", "crate22000psion00020": "crook", "crate22000psion01010": "cross", "crate22000psion10010": "croup", "crate22000psion00012": "crown", "crate22002emove00002": "crude", "crate22001kidel00022": "cruel", "crate22000psion00000": "crumb", "crate22000psion10000": "crump", "crate22000psion01000": "crush", "crate22010": "crypt", "crate22010crypt22002": "crust", "crate20000ulmin10020": "cubic", "crate20000ulmin10222": "cumin", "crate21000loury01110": "curio", "crate21000loury10112": "curly", "crate21000loury00122": "curry", "crate21002curve22202": "curse", "crate21000loury00112": "curvy", "crate20012": "cutie", "crate21001whirr00002cover20022": "cyber", "crate20002honds00000": "cycle", "crate00100sonly00002podgy00202": "daddy", "crate00100sonly00022dimps21000": "daily", "crate01100pylon01000": "hardy", "crate01100pylon01000hardy02112": "dairy", "crate00100sonly10002assay11002": "daisy", "crate00100sonly00022dimps20000": "dally", "crate10102": "dance", "crate00100sonly00202": "defog", "crate00100sonly00202defog20000": "dandy", "crate00110talon12000": "waist", "crate00110talon12000waist02001": "datum", "crate00110talon12001": "vughs", "crate00110talon12001vughs01000": "daunt", "crate00211idyls01020": "dealt", "crate00221": "death", "crate01101palmy01000jehad02021": "debar", "crate00001leben02200": "debug", "crate00011sleet00102debit22202": "debut", "crate10101": "decal", "crate10101decal22220": "decay", "crate11001": "recur", "crate11001recur02202": "decor", "crate10001debel22000": "decoy", "crate11001recur12200": "decry", "crate01001winds00010": "ousel", "crate01001winds00010ousel00020": "defer", "crate00001leben02002": "deign", "crate00021": "plesh", "crate00021plesh00100": "jetty", "crate00021plesh00100jetty02022": "deity", "crate00101kneel00101": "fella", "crate00101kneel00101fella02201": "delay", "crate00121": "delta", "crate00002sling01000roved00111": "delve", "crate00001leben02002deign22002": "demon", "crate01001winds00010ousel01010": "demur", "crate00001leben02001": "denim", "crate00002sling10010": "ensue", "crate00002sling10010ensue11102": "dense", "crate00011sleet00102debit22002": "depot", "crate00021plesh10102": "depth", "crate01001winds00010ousel00010": "derby", "crate01011meter02222": "deter", "crate00011sleet00101": "fetid", "crate00011sleet00101fetid02201": "detox", "crate10002": "dinos", "crate10002dinos20000": "deuce", "crate00001leben12000": "helix", "crate00001leben12000helix02120": "devil", "crate01200dowls20000": "diary", "crate10001debel20020": "dicey", "crate00010hoing00101": "digit", "crate00000godly00122": "dully", "crate00000godly00122dully20222": "dilly", "crate00000godly00122dully20022": "dimly", "crate01001winds02210": "diner", "crate00000godly11100": "dingo", "crate00000godly10102": "dingy", "crate00002sling00100movie01012": "diode", "crate01002sprog00201": "verge", "crate01002sprog00201verge00222": "dirge", "crate01020wingy02002": "dirty", "crate10000spoil10110": "disco", "crate10010hound10001": "ditch", "crate00020nodus01100": "ditto", "crate00020nodus00100": "ditty", "crate01001winds02010": "rider", "crate01001winds02010rider02122": "diver", "crate00000godly00102": "dumpy", "crate00000godly00102dumpy20002": "dizzy", "crate00002sling00001boeuf02100": "dodge", "crate00000godly12202": "dodgy", "crate00100sonly02000": "vodka", "crate00100sonly02000vodka02102": "dogma", "crate00000godly12100": "doing", "crate00000godly02122": "dolly", "crate01000surly00100": "rigid", "crate01000surly00100rigid10001": "donor", "crate00010hoing02010": "donut", "crate00001leben00020": "dopey", "crate00010hoing02000boost12002": "doubt", "crate00000godly12100doing22001": "dough", "crate00000godly02102": "dowdy", "crate00001leben10020": "divos", "crate00001leben10020divos20010": "dowel", "crate00000godly02102dowdy22202": "downy", "crate01000surly00102": "ivory", "crate01000surly00102ivory00122": "dowry", "crate00001leben00022": "vodka", "crate00001leben00022vodka02100": "dozen", "crate02210": "pling", "crate02210pling00000": "trash", "crate02210pling00000trash12200": "draft", "crate02200dings21100": "drain", "crate02202dimps20000": "drake", "crate02200dings20000": "drama", "crate02200dings20100": "drawn", "crate02200dings20100drawn22201": "drank", "crate02202dimps20020": "drape", "crate02200dings20000drama22200": "drawl", "crate02101bread02222": "dread", "crate02101bread02221": "dream", "crate02001defer21001": "dress", "crate02001defer20021": "dried", "crate02001defer20022": "drier", "crate02010tonus10000": "drift", "crate02000bidon01100": "drill", "crate02000bidon01101": "drink", "crate02002ponds00010": "drive", "crate02010tonus11000": "orbit", "crate02010tonus11000orbit12022": "droit", "crate02000bidon00110": "droll", "crate02002ponds01110": "drone", "crate02000bidon00120": "droop", "crate02000bidon00120droop22220": "drool", "crate02000bidon00110droll22200": "dross", "crate02002ponds01010": "drove", "crate02000bidon00112": "drown", "crate02000bidon01100drill22100": "druid", "crate02000bidon00101": "drunk", "crate02001defer20022drier22022": "dryer", "crate02000bidon00100": "dryly", "crate10000spoil00000hobby10002": "duchy", "crate00000godly00102dumpy22202": "dummy", "crate10002dinos20200": "dunce", "crate00000godly00102dumpy22002": "dusky", "crate00020nodus00111": "dusty", "crate10010hound10101": "dutch", "crate00011sleet00022": "duvet", "crate01200dowls20100": "dwarf", "crate00001leben11000": "whims", "crate00001leben11000whims10000": "dwell", "crate00011sleet01202": "dwelt", "crate00000godly10101": "dying", "crate01101palmy02000gowfs10000": "eager", "crate00102lambs12000": "value", "crate00102lambs12000value02102": "eagle", "crate01101palmy02102": "early", "crate01121": "earth", "crate00101kneel00122": "easel", "crate00111smelt00101": "taken", "crate00111smelt00101taken12022": "eaten", "crate01111alter10222": "whews", "crate01111alter10222whews00100": "eater", "crate00001leben01101": "ebony", "crate10111": "eclat", "crate10011": "eject", "crate10011eject20022": "edict", "crate00001leben01000": "poesy", "crate00001leben01000poesy00102": "edify", "crate01002sprog00200": "nerve", "crate01002sprog00200nerve02202": "eerie", "crate01011meter01121": "egret", "crate00011sleet00102debit01012": "eight", "crate00001leben01001": "enjoy", "crate00001leben01001enjoy21000": "eking", "crate00222polks00100": "elate", "crate00001leben11200": "elbow", "crate01001winds00010ousel00021": "elder", "crate10011eject20222": "elect", "crate00001leben11010": "elegy", "crate00001leben11002": "elfin", "crate00002sling02200": "olive", "crate00002sling02200olive02202": "elide", "crate00022quips00200": "elite", "crate00002sling02000umped00110": "elope", "crate00002sling02000umped10011": "elude", "crate00201leash11200": "email", "crate00001leben01220": "embed", "crate01001winds00000lumpy00100": "mover", "crate01001winds00000lumpy00100mover10022": "ember", "crate10002dinos00000": "emcee", "crate00021plesh10100": "empty", "crate10211": "enact", "crate00001leben01001enjoy22020": "endow", "crate00101kneel02210": "enema", "crate00001leben01011": "enemy", "crate00001leben01001enjoy22000": "ennui", "crate01011meter01222": "enter", "crate01011meter01201": "entry", "crate00001leben01001enjoy22022": "envoy", "crate10001debel01000": "speck", "crate10001debel01000speck02120": "epoch", "crate00001leben01000poesy11102": "epoxy", "crate00101kneel00102": "medal", "crate00101kneel00102medal01022": "equal", "crate00001leben01000poesy10100": "equip", "crate02202dimps00001": "erase", "crate12011": "erect", "crate02002ponds01020": "erode", "crate02001defer01002": "error", "crate02011": "truer", "crate02011truer12210": "erupt", "crate00101kneel00100": "essay", "crate01011meter01222enter20222": "ester", "crate01011meter01122": "steer", "crate01011meter01122steer02122": "ether", "crate10011eject20011": "ethic", "crate00011sleet10101": "ethos", "crate00012": "shily", "crate00012shily00000": "tepee", "crate00012shily00000tepee11002": "etude", "crate00202slump00000knave00212": "evade", "crate00011sleet00212": "event", "crate01001winds00000lumpy00002ferry01022": "every", "crate10011eject20022edict20222": "evict", "crate00002sling00000loury01000": "evoke", "crate10211enact20222": "exact", "crate00211idyls00020": "exalt", "crate10001debel01022": "excel", "crate01011meter01111": "exert", "crate00002sling01200": "while", "crate00002sling01200while00222": "exile", "crate00011sleet10102": "exist", "crate00001leben11020": "sleep", "crate00001leben11020sleep01121": "expel", "crate00011sleet01101": "extol", "crate01111alter10211": "extra", "crate00011sleet01102": "exult", "crate00001leben01001enjoy21001": "eying", "crate00102lambs12010": "fable", "crate10111eclat11012": "facet", "crate00110talon12001vughs00000": "faint", "crate01100pylon01000hardy02102": "fairy", "crate00120spiny00200": "faith", "crate00102lambs12001": "false", "crate10100limbo00000": "fancy", "crate00100sonly00202defog00100": "fanny", "crate11102": "farce", "crate00110talon12100": "vault", "crate00110talon12100vault02011": "fatal", "crate00120spiny00002beefs00010": "fatty", "crate00110talon12100vault02222": "fault", "crate00100sonly00100aging10020": "fauna", "crate01100pylon00020ramps12000": "favor", "crate10101decal02222": "fecal", "crate00001leben02002deign02222": "feign", "crate00001leben12002": "felon", "crate00002sling00000loury00000": "femme", "crate01001winds00000lumpy01200": "femur", "crate10002dinos00200": "huffy", "crate10002dinos00200huffy00100": "fence", "crate01101palmy01100": "renal", "crate01101palmy01100renal12022": "feral", "crate00111smelt00111": "fetal", "crate10011eject10021": "fetch", "crate00011sleet10101ethos11002": "fetus", "crate01001winds00000lumpy00000rover00222": "fever", "crate01001winds10000": "realm", "crate01001winds10000realm12000": "fewer", "crate01001winds02000": "rivel", "crate01001winds02000rivel12020": "fixer", "crate01001winds02000rivel12020fixer22022": "fiber", "crate01002sprog00100": "where", "crate01002sprog00100where00022": "fibre", "crate10000spoil10010": "ficus", "crate00001leben11000whims00100": "field", "crate00001leben01001enjoy11000": "fiend", "crate01001winds02000rivel12010": "fiery", "crate00020nodus00000flaky20000": "fifth", "crate00020nodus00000flaky20002": "fifty", "crate00010hoing10101": "milfs", "crate00010hoing10101milfs02010": "fight", "crate01001winds02000rivel12021": "filer", "crate00011sleet01022": "filet", "crate00000godly00022shlub00200": "filly", "crate00000godly00012sulky00202": "filmy", "crate00020nodus00000flaky21000": "filth", "crate00100sonly00210banal00222": "final", "crate10000spoil00010": "whack", "crate10000spoil00010whack01020": "finch", "crate01001winds02200": "cloff", "crate01001winds02200cloff00010": "finer", "crate01010shout10002": "first", "crate00000godly00002skimp10100": "fishy", "crate00000godly00002skimp00100": "fizzy", "crate01000surly00100rigid10002": "fjord", "crate00202slump02000fadge21002": "flake", "crate00200shuln00010flail22200": "flaky", "crate00200shuln00011biped00000": "flank", "crate01202flaps22200": "flare", "crate00200shuln11010": "flash", "crate00200shuln10010": "glass", "crate00200shuln10010glass02220": "flask", "crate10001debel01001": "fleck", "crate00011sleet02222": "fleet", "crate00001leben11000whims01001": "flesh", "crate10000spoil00011": "flick", "crate01001winds01000": "plier", "crate01001winds01000plier02222": "flier", "crate00000godly10010": "fling", "crate00010hoing00220": "stink", "crate00010hoing00220stink01220": "flint", "crate01010shout00002": "flirt", "crate00110talon11110fling22000": "float", "crate10000spoil00201block02222": "flock", "crate00000godly01110blood02222": "flood", "crate01000surly00110": "floor", "crate01100pylon00110": "moral", "crate01100pylon00110moral01111": "flora", "crate00000godly01010spoof10201": "floss", "crate01000surly01110blurb02110": "flour", "crate00010hoing01000": "orlop", "crate00010hoing01000orlop10100": "flout", "crate00000godly01010spoof00201": "flown", "crate00000godly00110livid10022": "fluid", "crate00002sling02000umped10010": "fluke", "crate00002sling02000umped11010": "flume", "crate00000godly10010fling22022": "flung", "crate00000godly00010sunup01100": "flunk", "crate00000godly00010sunup11000blush02222": "flush", "crate00022quips01000": "flute", "crate01001winds00000lumpy10001": "flyer", "crate00200shuln00000": "foamy", "crate10100limbo10001": "vocal", "crate10100limbo10001vocal02222": "focal", "crate10000spoil10100": "focus", "crate00000godly12002": "soggy", "crate00000godly12002soggy02222": "foggy", "crate00010hoing02200": "flamm", "crate00010hoing02200flamm20000": "foist", "crate00000godly02010": "folio", "crate00000godly02022": "howfs", "crate00000godly02022howfs02010": "folly", "crate01100pylon01010": "foray", "crate11002": "score", "crate11002score01112": "force", "crate01002sprog00211": "gorge", "crate01002sprog00211gorge02222": "forge", "crate01000surly00200": "morph", "crate01000surly00200morph02200": "forgo", "crate01022": "route", "crate01022route12022": "forte", "crate01020wingy00000": "forth", "crate01020wingy00002": "rusty", "crate01020wingy00002rusty10022": "forty", "crate01000surly01200": "forum", "crate00000godly02100whips00000frump20200": "found", "crate01001winds00000lumpy00001": "foyer", "crate02200dings01000": "frail", "crate02202dimps00100": "frame", "crate02200dings00100prank02222": "frank", "crate02200dings10000": "fraud", "crate02101bread02220": "wreak", "crate02101bread02220wreak02222": "freak", "crate02001defer11121": "freed", "crate02001defer01122": "freer", "crate02001defer01101": "fresh", "crate02100arbor12002": "friar", "crate02001defer10121": "fried", "crate02000bidon01000": "flegs", "crate02000bidon01000flegs21000": "frill", "crate02000bidon01000flegs20001": "frisk", "crate02020froth22020": "fritz", "crate12000prick02022": "frock", "crate02000bidon00111": "frond", "crate02010tonus11100": "front", "crate02010tonus11001": "frost", "crate02000bidon00012": "frown", "crate02002ponds01000begun01000": "froze", "crate02010tonus10010": "fruit", "crate00002sling00001boeuf00111": "fudge", "crate00002sling00001boeuf00121": "fugue", "crate00000godly00022shlub00210": "fully", "crate00000godly10000": "suing", "crate00000godly10000suing02111": "fungi", "crate00000godly00002skimp01000": "funky", "crate01000surly02200": "furor", "crate01000surly02202": "furry", "crate00000godly00002skimp10000bushy02202": "fussy", "crate00000godly00002skimp00000funny22002": "fuzzy", "crate00102lambs02000": "gungy", "crate00102lambs02000gungy20000": "gaffe", "crate00100sonly00022dimps01000": "gaily", "crate01101palmy02010": "gamer", "crate00110talon12000waist02002": "gamut", "crate00100sonly10002assay11202": "gassy", "crate00100sonly00002podgy00112": "gaudy", "crate00102lambs02000gungy21020": "gauge", "crate00110talon12001vughs01100": "gaunt", "crate00102lambs02000gungy21000": "gauze", "crate00101kneel00022graph20100": "gavel", "crate00100sonly00002podgy00012": "gawky", "crate01101palmy02001": "gayer", "crate00100sonly00022dimps00000": "gayly", "crate01101palmy02000gowfs20000": "gazer", "crate10001debel02000": "wench", "crate10001debel02000wench02010": "gecko", "crate00001leben02010": "weedy", "crate00001leben02010weedy02202": "geeky", "crate00002sling10001": "geese", "crate00002sling00111binge01212": "genie", "crate01002sprog00101": "ridge", "crate01002sprog00101ridge10012": "genre", "crate00010hoing11001": "ghost", "crate00000godly21010": "gloom", "crate00000godly21010gloom21200": "ghoul", "crate00210slink00120": "giant", "crate00000godly20202": "giddy", "crate00000godly20002": "gipsy", "crate01000surly00222": "girly", "crate01020wingy02010": "girth", "crate00001leben00022vodka10000": "given", "crate01001winds02000rivel12220": "giver", "crate00202slump02000fadge01112": "glade", "crate00200shuln00011biped00002": "gland", "crate00202slump02000fadge01012": "glaze", "crate00101kneel00201": "gleam", "crate00101kneel01201": "glean", "crate00002sling02201": "glide", "crate00010hoing00221": "glint", "crate00110talon11110fling02001": "gloat", "crate00002sling02001": "glove", "crate00002sling02001glove22202": "globe", "crate01000surly00112": "glory", "crate00000godly21010gloom22200": "gloss", "crate00000godly20011": "glyph", "crate00200shuln11001": "gnash", "crate00002sling00011": "nudge", "crate00002sling00011nudge10012": "gnome", "crate00000godly22000": "going", "crate00001leben10020divos00010": "golem", "crate00000godly22022": "golly", "crate00100sonly02200": "gonad", "crate01001winds00200": "goner", "crate00000godly22102": "goody", "crate00001leben00020dopey02022": "gooey", "crate00000godly22002": "goofy", "crate00002sling10001geese20022": "goose", "crate00002sling00001boeuf02110": "gouge", "crate01000surly01100": "round", "crate01000surly01100round12202": "gourd", "crate12202brace02222": "grace", "crate02202dimps10000": "grade", "crate02210pling00001": "graft", "crate02200dings01010": "grail", "crate02200dings01110": "grain", "crate02200dings10110": "grand", "crate02210pling00021": "grant", "crate02202dimps00020": "grape", "crate02200dings00010": "graph", "crate02200dings00011": "grasp", "crate02200dings00012": "grass", "crate02222": "irate", "crate02222irate02222": "grate", "crate02200dings00010graph22200": "gravy", "crate02202dimps00000grave22202": "graze", "crate02111": "tread", "crate02111tread12220": "great", "crate02001defer11021breed02222": "greed", "crate02001defer01021": "preen", "crate02001defer01021preen02222": "green", "crate02011truer12020": "greet", "crate02000bidon01000flegs01010": "grill", "crate02002ponds00000bribe02202": "grime", "crate02000bidon01000flegs00010": "grimy", "crate02000bidon01101drink12220": "grind", "crate02002ponds10000": "gripe", "crate02100arbor12010": "groan", "crate02000bidon01012": "groin", "crate02000bidon00020": "proof", "crate02000bidon00020proof02220": "groom", "crate02002ponds11000": "grope", "crate02000bidon00010": "prowl", "crate02000bidon00010prowl02200": "gross", "crate02000bidon00010prowl12200": "group", "crate02010tonus11020": "grout", "crate02002ponds01000begun01100": "grove", "crate02000bidon00010prowl02222": "growl", "crate02000bidon00012frown02222": "grown", "crate02001defer00021": "gruel", "crate02000bidon00000": "gruff", "crate01200dowls10000": "guard", "crate00200shuln00100": "guava", "crate00001leben01000poesy00220": "guess", "crate00011sleet10202": "quest", "crate00011sleet10202quest02222": "guest", "crate00002sling00201": "guide", "crate00000godly20120": "guild", "crate00002sling01201": "guile", "crate00010hoing00201": "guilt", "crate00002sling10201": "guise", "crate10000spoil00001": "mulch", "crate10000spoil00001mulch02222": "gulch", "crate00000godly20022": "gully", "crate00000godly21000": "gumbo", "crate00000godly20002gipsy20002": "gummy", "crate00000godly20002gipsy20202": "guppy", "crate00020nodus01011": "gusto", "crate00020nodus00011": "ligan", "crate00020nodus00011ligan00100": "gusty", "crate00000godly20002gipsy20222": "gypsy", "crate00110talon12000waist02102": "habit", "crate01100pylon01000hardy22102": "hairy", "crate00102lambs12000value12202": "halve", "crate00100sonly00202defog10000": "handy", "crate00100sonly00002podgy10002": "happy", "crate01101palmy02010gamer02121": "harem", "crate01100pylon11000": "spray", "crate01100pylon11000spray01212": "harpy", "crate01100pylon01000hardy22202": "harry", "crate01100pylon00000radar12000": "harsh", "crate00122whups01001": "haste", "crate00120spiny10002": "tasty", "crate00120spiny10002tasty02222": "hasty", "crate10110haint22001": "hatch", "crate01111alter10222whews01100": "hater", "crate00110talon12001vughs01010": "haunt", "crate00122whups01200": "haute", "crate00101kneel01020waxen02022": "haven", "crate10100limbo00001": "havoc", "crate00101kneel00022graph00101": "hazel", "crate00201leash02201": "heavy", "crate00201leash02201heavy22202": "heady", "crate01201limby00000": "heard", "crate01211": "teary", "crate01211teary12220": "heart", "crate00221death02222": "heath", "crate00202slump00000knave00222": "weave", "crate00202slump00000knave00222weave02222": "heave", "crate00002sling00001boeuf00100": "hedge", "crate00021plesh00101": "hefty", "crate00011sleet10102exist10222": "heist", "crate00001leben12000helix22200": "hello", "crate10002dinos00200huffy20000": "hence", "crate01001winds00100": "heron", "crate00000godly00022shlub01200": "hilly", "crate00002sling00111binge02222": "hinge", "crate00000godly01000spoon01100": "hippo", "crate00000godly00002skimp00101": "hippy", "crate10010hound20000": "hitch", "crate01200dowls12000board02222": "hoard", "crate00000godly02002boson12000": "hobby", "crate00010hoing22200": "hoist", "crate00000godly02022howfs22000": "holly", "crate01001winds00000lumpy00200": "homer", "crate00001leben00021": "fishy", "crate00001leben00021fishy00012": "honey", "crate01000surly00100rigid10000": "honor", "crate01000surly00202": "worry", "crate01000surly00202worry02202": "horny", "crate01002sprog10210": "worse", "crate01002sprog10210worse02222": "horse", "crate00011sleet01021": "motel", "crate00011sleet01021motel02222": "hotel", "crate00010hoing22000": "hotly", "crate00000godly02100whips01000": "hound", "crate00002sling10000": "mouch", "crate00002sling10000mouch02201": "house", "crate00001leben10020divos00210": "hovel", "crate01001winds00000lumpy00000rover02222": "hover", "crate00000godly02102dowdy02222": "howdy", "crate00100sonly00100aging10010": "human", "crate00000godly00100": "vivid", "crate00000godly00100vivid00022": "humid", "crate01000surly02100": "humor", "crate00000godly00000": "spiks", "crate00000godly00000spiks01000": "humph", "crate00000godly00000spiks00002": "humus", "crate10000spoil00000hobby20000": "hunch", "crate00000godly00002skimp01000funky02222": "hunky", "crate01000surly02202furry02222": "hurry", "crate00000godly00002skimp11000": "husky", "crate00000godly00002skimp10000bushy02212": "hussy", "crate10010hound20100": "hutch", "crate01000surly00101": "hydro", "crate00101kneel01200amend10220": "hyena", "crate00001leben00022vodka00000": "hymen", "crate01001winds00000lumpy00011": "hyper", "crate10000spoil00011flick01210": "icily", "crate10000spoil00010whack00010": "icing", "crate00101kneel00202": "ideal", "crate00000godly01100": "idiom", "crate00010hoing01200": "idiot", "crate01001winds01010": "idler", "crate00000godly00121": "idyll", "crate00000godly11010": "lingo", "crate00000godly11010lingo11012": "igloo", "crate10100limbo11000": "iliac", "crate00202slump00010amaze02202": "image", "crate00002sling00100movie10012": "imbue", "crate00001leben10020divos01000": "impel", "crate00000godly00022shlub00100": "imply", "crate00202slump00000knave02202": "inane", "crate00000godly01000spoon00021": "inbox", "crate11000mucho01200": "incur", "crate00001leben00021fishy01000": "index", "crate00011sleet00202": "inept", "crate01011meter01101": "inert", "crate01001winds01100": "infer", "crate00010hoing01111": "ingot", "crate00100sonly00112": "inlay", "crate00011sleet01022filet01222": "inlet", "crate01001winds01200": "inner", "crate00010hoing00110": "unfit", "crate00010hoing00110unfit12012": "input", "crate01011meter00222": "otter", "crate01011meter00222otter00222": "inter", "crate01010shout00101": "motor", "crate01010shout00101motor01201": "intro", "crate10000spoil00120": "ionic", "crate02000bidon01011": "irony", "crate00011sleet11022": "islet", "crate00002sling10100": "issue", "crate10010hound10000": "pitch", "crate10010hound10000pitch01111": "itchy", "crate00110talon12001vughs01000daunt02222": "jaunt", "crate00100sonly00002podgy00002": "mammy", "crate00100sonly00002podgy00002mammy02002": "jazzy", "crate00001leben12000helix02200": "jelly", "crate01001winds00000lumpy00002ferry02202": "jerky", "crate00001leben12020": "jewel", "crate00000godly00002skimp00100fizzy12002": "jiffy", "crate00010hoing02220": "point", "crate00010hoing02220point02222": "joint", "crate00010hoing02200flamm00000": "joist", "crate00000godly02022howfs02000": "jolly", "crate00010hoing02000boost02022": "joust", "crate00002sling00001boeuf00110": "judge", "crate10002dinos01000": "juice", "crate10000spoil00010whack00020": "juicy", "crate00000godly01000spoon00100": "jumbo", "crate00000godly00002skimp00011": "jumpy", "crate00120spiny00010": "junta", "crate00020nodus11010": "junto", "crate01000surly02200furor02222": "juror", "crate00100sonly00000gamma02002": "kappa", "crate01100pylon00000radar12010": "karma", "crate00100sonly00001": "kayak", "crate00101kneel20100": "kebab", "crate00200shuln02000": "khaki", "crate00000godly00002skimp01100": "kinky", "crate00000godly01000spoon10200": "kiosk", "crate00020nodus00000flaky00012": "kitty", "crate00101kneel22200": "knead", "crate00001leben01021": "kneed", "crate00001leben11021": "kneel", "crate00011sleet01202dwelt00222": "knelt", "crate00002sling00210": "knife", "crate10000spoil00200": "knock", "crate00000godly01020": "knoll", "crate00000godly01000spoon00202": "known", "crate00200shuln00020": "koala", "crate02000bidon01000flegs01000": "krill", "crate00101kneel00022graph00100": "label", "crate01100pylon00120": "labor", "crate00102lambs22000": "ladle", "crate01101palmy02100": "lager", "crate10102dance02222": "lance", "crate00100sonly00212": "lanky", "crate00101kneel00022graph00110": "lapel", "crate00102lambs22001": "lapse", "crate01100pylon00100": "rival", "crate01100pylon00100rival10111": "larva", "crate00100sonly11010": "lasso", "crate10110haint12001blimp01000": "latch", "crate01111alter11222": "later", "crate00112table12012": "lathe", "crate00122whups00000": "latte", "crate00100sonly00010axial10001": "laugh", "crate01101palmy02101": "layer", "crate10201pulli00100": "leach", "crate00201leash22200": "leaky", "crate00201leash22200leaky22202": "leafy", "crate00211idyls00010": "leant", "crate00211idyls00010leant22202": "leapt", "crate01201limby20000": "learn", "crate00202slump11000": "lease", "crate00211idyls00011": "least", "crate00202slump01000": "leave", "crate00002sling01001lodge20222": "ledge", "crate10001debel02011": "leech", "crate01001winds00000lumpy20002": "leery", "crate00021plesh01100": "lefty", "crate00101kneel00102medal02022": "legal", "crate00001leben22000": "leggy", "crate00001leben22002": "lemon", "crate01001winds00000lumpy21200": "lemur", "crate01001winds00000lumpy20010": "leper", "crate00001leben22020": "level", "crate01001winds00000lumpy20000": "lever", "crate00001leben20220": "libel", "crate00002sling01101bilge02122": "liege", "crate00010hoing10101milfs02100": "light", "crate00001leben20022": "liken", "crate10100limbo22000": "lilac", "crate00000godly01010spoof00100": "limbo", "crate00010hoing00100": "midst", "crate00010hoing00100midst12002": "limit", "crate00001leben20022liken22022": "linen", "crate01001winds02200cloff01000": "liner", "crate00000godly00110livid22022": "lipid", "crate00012shily01110": "lithe", "crate01001winds02000rivel12221": "liver", "crate00200shuln00010flail02201": "llama", "crate00200shuln00010flail01200": "loamy", "crate00220": "swath", "crate00220swath00222": "loath", "crate00000godly02012": "strap", "crate00000godly02012strap00000": "lobby", "crate10100limbo20001": "local", "crate10000spoil10101": "locus", "crate00020nodus02000booty02022": "lofty", "crate10000spoil00121": "logic", "crate00000godly12010": "mogul", "crate00000godly12010mogul02201": "login", "crate00000godly02012strap00001": "loopy", "crate00002sling11000": "louse", "crate00002sling11000louse22022": "loose", "crate01000surly00212": "lorry", "crate01001winds00001": "setup", "crate01001winds00001setup11000": "loser", "crate00000godly02012strap10000": "lousy", "crate01001winds00000lumpy20000lever20222": "lover", "crate01001winds10000realm11010": "lower", "crate00000godly02022howfs02200": "lowly", "crate00100sonly02011": "loyal", "crate10000spoil00021": "lucid", "crate10000spoil00001mulch02110": "lucky", "crate00001leben20022liken20022": "lumen", "crate00000godly00012sulky02102": "lumpy", "crate01100pylon00101": "lunar", "crate10000spoil00001mulch02122": "lunch", "crate00002sling01011": "lunge", "crate00000godly00010sunup12021": "lupus", "crate11000mucho02110": "lurch", "crate01000surly02210": "lurid", "crate00020nodus00011ligan20000": "lusty", "crate00000godly10011": "lying", "crate00000godly00011": "lymph", "crate10000spoil00001mulch00122": "lynch", "crate11000mucho00100": "lyric", "crate10100limbo00100": "macaw", "crate10100limbo00102": "macho", "crate11100scram01111": "macro", "crate00100sonly00000gamma02111": "madam", "crate00100sonly00022dimps10100": "madly", "crate00100sonly00000gamma02102": "mafia", "crate10100limbo01100": "manic", "crate10100limbo01100manic22022": "magic", "crate00100sonly00000gamma12122": "magma", "crate00102lambs02100": "guans", "crate00102lambs02100guans00100": "maize", "crate01100pylon00020ramps12100": "major", "crate01101palmy02010gamer02122": "maker", "crate00100sonly01000audio10002": "mambo", "crate00100sonly00000gamma02222": "mamma", "crate00100sonly00200": "mania", "crate00100sonly00200mania22202": "manga", "crate00102lambs02100guans10110": "mange", "crate00100sonly01200banjo02202": "mango", "crate00100sonly00202defog00001": "mangy", "crate00100sonly00222": "manly", "crate01100pylon00021": "manor", "crate00102lambs12100": "maple", "crate11100scram01211": "march", "crate01100pylon01000hardy02202": "marry", "crate01100pylon00000radar12000harsh02222": "marsh", "crate00100sonly11100": "mason", "crate00102lambs02101": "masse", "crate10110haint12001blimp00010": "match", "crate00111smelt01101": "matey", "crate00102lambs02100guans01100": "mauve", "crate00100sonly00000gamma02110": "maxim", "crate00102lambs02120": "maybe", "crate01100pylon01020": "mayor", "crate00201leash12200": "mealy", "crate00211idyls00000": "meant", "crate00221death02220": "meaty", "crate10101decal02210": "mecca", "crate00101kneel00100essay10010": "media", "crate10001debel12000": "medic", "crate00002sling01000roved00020": "melee", "crate00001leben12002felon02222": "melon", "crate11001recur12100": "mercy", "crate01002sprog00201verge02222": "merge", "crate01011meter22101": "merit", "crate01001winds00000lumpy00102": "merry", "crate00111smelt01111": "metal", "crate01011meter22201": "metro", "crate11000mucho20202": "micro", "crate00002sling00101": "midge", "crate00010hoing10101milfs22000": "might", "crate00000godly00012sulky00222": "milky", "crate10000spoil00020": "mimic", "crate10002dinos02200": "wince", "crate10002dinos02200wince02222": "mince", "crate01001winds02200cloff00000": "miner", "crate00000godly00000spiks00100": "minim", "crate01000surly00100rigid12000": "minor", "crate00020nodus10000": "minty", "crate00000godly00000spiks00102": "minus", "crate01001winds02001": "miser", "crate00000godly00002skimp10110": "missy", "crate10100limbo00101": "mocha", "crate00100sonly02010": "modal", "crate00001leben10020divos10010": "model", "crate00001leben00020dopey12020": "modem", "crate00010hoing02200flamm00010": "moist", "crate01100pylon00210": "solar", "crate01100pylon00210solar02222": "molar", "crate00000godly02112": "moldy", "crate00001leben00021fishy00002": "money", "crate00020nodus12000": "month", "crate00000godly02102dowdy02022": "moody", "crate00002sling10000mouch22000": "moose", "crate01000surly00200morph22200": "moron", "crate00000godly02002boson02200": "mossy", "crate00010hoing02100": "posit", "crate00010hoing02100posit02021": "motif", "crate00020nodus02000booty02120": "motto", "crate00010hoing02000boost02002": "moult", "crate00000godly02100whips00000frump00210": "mound", "crate00010hoing02020": "mount", "crate01000surly01100round12210": "mourn", "crate00002sling10000mouch22200": "mouse", "crate00020nodus02010": "mouth", "crate01001winds10000realm11001": "mower", "crate10000spoil00000hobby00002": "mucky", "crate10000spoil10000": "mucus", "crate00000godly00202buddy02222": "muddy", "crate00000godly00002skimp00020": "mummy", "crate10000spoil00000hobby10000": "munch", "crate01100pylon00100rival10022": "mural", "crate01000surly02202furry02202": "murky", "crate00000godly00002skimp10010": "mushy", "crate10000spoil10020": "music", "crate00000godly00002skimp11010": "musky", "crate00020nodus00011ligan00000": "musty", "crate01000surly00201": "myrrh", "crate01100pylon00001": "nadir", "crate00102lambs02000gungy00100": "naive", "crate00100sonly00202defog00000": "nanny", "crate00100sonly10110": "nasal", "crate00120spiny10012": "nasty", "crate00110talon12101": "natal", "crate00100sonly00110align11001": "naval", "crate00101kneel01022": "navel", "crate00001leben02011": "needy", "crate00001leben02001denim02110": "neigh", "crate01001winds00120": "nerdy", "crate01001winds00100heron02101": "never", "crate01001winds10100": "newer", "crate00001leben12001": "newly", "crate11001recur01202": "nicer", "crate10002dinos02100": "niece", "crate10002dinos02100niece22012": "niche", "crate00010hoing10111": "night", "crate00100sonly00200mania00212": "ninja", "crate00000godly00002skimp00100fizzy02002": "ninny", "crate00020nodus20000": "ninth", "crate00002sling01010": "noble", "crate00000godly02022howfs02000jolly02022": "nobly", "crate00002sling10210": "noise", "crate00000godly02002boson02101": "noisy", "crate00100sonly02100": "woman", "crate00100sonly02100woman02221": "nomad", "crate00002sling10010ensue01102": "noose", "crate01020wingy00100": "north", "crate00001leben00021fishy00202": "nosey", "crate10010hound12010": "notch", "crate00001leben10021": "novel", "crate01002sprog10200": "nurse", "crate00020nodus20010": "nutty", "crate00000godly01011": "nylon", "crate00000godly00001": "nymph", "crate00101kneel11020": "oaken", "crate00002sling10000mouch01000": "obese", "crate11000mucho01201": "occur", "crate10101decal01120": "ocean", "crate10110haint01001": "octal", "crate10011eject10012": "octet", "crate01001winds00010ousel20020": "odder", "crate00000godly01222": "oddly", "crate00100sonly01010aloud11100": "offal", "crate01001winds00000lumpy00000rover01022": "offer", "crate00011sleet00021": "token", "crate00011sleet00021token11022": "often", "crate00001leben10022": "olden", "crate01001winds00010ousel20021": "older", "crate01002sprog00110": "ombre", "crate00000godly01000spoon00122": "onion", "crate00011sleet10022": "unset", "crate00011sleet10022unset02222": "onset", "crate01101palmy11000": "spear", "crate01101palmy11000spear02211": "opera", "crate00002sling00220": "ovine", "crate00002sling00220ovine20222": "opine", "crate00000godly01000spoon02100": "opium", "crate10010hound01000": "optic", "crate02001defer10022": "order", "crate02100arbor12010groan12122": "organ", "crate01011meter00122": "loury", "crate01011meter00122loury01010": "other", "crate00010hoing11001ghost11102": "ought", "crate10002dinos00210": "ounce", "crate00010hoing01000orlop20010": "outdo", "crate01011meter00222otter20222": "outer", "crate00010hoing01001": "outgo", "crate01200dowls01000": "ovary", "crate00222polks01000": "ovate", "crate01011meter01101inert00222": "overt", "crate00000godly01100idiom11010": "ovoid", "crate01001winds10200": "owner", "crate00002sling00200": "oxide", "crate00002sling00020": "penne", "crate00002sling00020penne00022": "ozone", "crate00100sonly00002podgy20202": "paddy", "crate00100sonly00100aging11010": "pagan", "crate00110talon12001vughs00000faint02222": "paint", "crate01101palmy22200": "paler", "crate00100sonly10012": "palsy", "crate00101kneel01022navel12022": "panel", "crate10100limbo01000": "panic", "crate00100sonly10202": "pansy", "crate00100sonly00010axial10022": "papal", "crate01101palmy22000": "parer", "crate01101palmy22000parer22022": "paper", "crate01100pylon20000": "parka", "crate01100pylon21000": "parry", "crate01102daris02201": "parse", "crate01120warty02222": "party", "crate00120spiny11000": "pasta", "crate00122whups00011": "paste", "crate00120spiny11002": "pasty", "crate10110haint12001blimp00001": "patch", "crate00110talon12010": "patio", "crate00110talon12000waist02021": "patsy", "crate00120spiny01002": "patty", "crate00102lambs02001": "pause", "crate00102lambs02000gungy00001": "payee", "crate01101palmy22001": "payer", "crate10202": "place", "crate10202place20222": "peace", "crate10201pulli20000": "peach", "crate01201limby10000": "pearl", "crate10101decal02220": "pecan", "crate00101kneel00102medal02222": "pedal", "crate00101kneel01102": "penal", "crate10002dinos00200huffy00000": "pence", "crate00001leben02001denim02200": "penny", "crate11001recur12100mercy02220": "perch", "crate01001winds01000plier21111": "peril", "crate01001winds00000lumpy00012": "perky", "crate00001leben02000": "pesky", "crate00021plesh20110": "pesto", "crate00111smelt00111fetal02222": "petal", "crate00021plesh20100": "petty", "crate00202slump10001": "phase", "crate00002sling00020penne20022": "phone", "crate00000godly01002": "snowy", "crate00000godly01002snowy01202": "phony", "crate00020nodus01000": "photo", "crate00200shuln00001": "piano", "crate10000spoil01010": "pinch", "crate10000spoil01010pinch22010": "picky", "crate10002dinos02000": "piece", "crate00021plesh20200": "piety", "crate00000godly10002pygmy20202": "piggy", "crate00010hoing01100": "pilot", "crate00001leben00021fishy02002": "piney", "crate00000godly00002skimp01101": "pinky", "crate00020nodus11000": "pinto", "crate01001winds02000rivel12020fixer02022": "piper", "crate00002sling00100movie00012": "pique", "crate00010hoing10100": "pithy", "crate00010hoing01100pilot22022": "pivot", "crate00001leben10020divos02000": "pixel", "crate00002sling00100movie00022": "pixie", "crate00100sonly00000gamma00002": "pizza", "crate00200shuln00010flail02220": "plaid", "crate00200shuln00012": "plain", "crate00210slink02100": "plait", "crate00202slump02001": "plane", "crate00200shuln00011biped00100": "plank", "crate00210slink02020": "plant", "crate00222polks20100": "plate", "crate00200shuln00010flail02200": "plaza", "crate00101kneel00201gleam02220": "plead", "crate00111smelt00212bleat02222": "pleat", "crate00001leben10020divos11000": "plied", "crate10000spoil01001": "pluck", "crate00000godly00010sunup01001": "plumb", "crate00002sling02000umped11110": "plume", "crate00000godly00010sunup01002": "plump", "crate00000godly00010sunup01101": "plunk", "crate00000godly00010sunup11001": "plush", "crate00002sling10200": "poise", "crate01001winds00000lumpy00010": "poker", "crate01100pylon20210": "polar", "crate00100sonly02010modal02011": "polka", "crate00000godly02011": "polyp", "crate10000spoil01200": "pooch", "crate00000godly02002boson02000": "poppy", "crate11000mucho00111": "porch", "crate01001winds00001setup11001": "poser", "crate00002sling10000mouch02000": "posse", "crate10000spoil01100": "pouch", "crate00000godly02100whips00010": "pound", "crate00020nodus02010mouth02220": "pouty", "crate01001winds10000realm11000": "power", "crate02200dings00100prank22210": "prawn", "crate02001defer01001": "press", "crate12002": "price", "crate02002ponds20020": "pride", "crate02001defer10021": "pried", "crate02002ponds20000": "prime", "crate02000bidon01010": "primo", "crate02010tonus10100": "print", "crate02000bidon01020": "prior", "crate02000bidon01000flegs00001": "prism", "crate02000bidon01000flegs00000": "privy", "crate02002ponds20000prime22202": "prize", "crate02002ponds21000": "prove", "crate02002ponds21000prove22202": "probe", "crate02002ponds21100": "prone", "crate02000bidon00011": "prong", "crate02002ponds21001": "prose", "crate02000bidon00110droll12200": "proud", "crate02000bidon00010prowl22200": "proxy", "crate02002ponds20020pride22022": "prude", "crate02002ponds20100": "prune", "crate00200shuln10020": "psalm", "crate10000spoil01020": "pubic", "crate00000godly10202": "pudgy", "crate00000godly00002skimp00001": "puppy", "crate00000godly00002skimp00001puppy22002": "puffy", "crate00000godly00012sulky02202": "pulpy", "crate00002sling11000louse10122": "pulse", "crate10000spoil01000": "punch", "crate00100sonly00010axial00022": "pupal", "crate00000godly00010sunup02001": "pupil", "crate01002sprog01200": "puree", "crate01001winds00000lumpy02010": "purer", "crate01002sprog01201": "purge", "crate01002sprog11200": "purse", "crate00000godly00002skimp10001": "pushy", "crate00020nodus00010": "putty", "crate10200plush00100": "quack", "crate00200shuln00110": "quail", "crate00202slump00100": "quake", "crate00200shuln00120": "qualm", "crate01200dowls00000": "quark", "crate00200shuln11100": "quash", "crate00200shuln10100": "quasi", "crate00001leben01022": "sheen", "crate00001leben01022sheen00222": "queen", "crate01001winds00000lumpy02000": "queer", "crate00001leben11000whims00000": "quell", "crate01001winds00000lumpy02002": "query", "crate00002sling00000loury00100": "queue", "crate10000spoil00010whack00022": "quick", "crate00011sleet00022duvet02022": "quiet", "crate00000godly00020": "spill", "crate00000godly00020spill00222": "quill", "crate01000surly02100humor02001": "quirk", "crate00022quips22200": "quite", "crate00120spiny00000": "quota", "crate00022quips22000": "quote", "crate00020nodus01010": "quoth", "crate01100pylon00000radar22000": "rabbi", "crate01100pylon00000radar22100": "rabid", "crate11101": "racer", "crate01100pylon00000radar22200": "radii", "crate01100pylon00010aahed02001": "radio", "crate01102daris02111": "raise", "crate01100pylon00000radar22020": "rajah", "crate01100pylon01200": "rally", "crate01100pylon10200": "ralph", "crate01101palmy02010gamer02221": "ramen", "crate11100scram01110": "ranch", "crate01100pylon01001rainy22012": "randy", "crate01102daris02100": "range", "crate01100pylon10000": "rapid", "crate01100pylon11000spray11112": "raspy", "crate01110satyr02201": "ratio", "crate01120warty02122": "ratty", "crate01101palmy02000gowfs00000rarer22020": "raven", "crate01100pylon01022": "rayon", "crate01100pylon00020ramps22000": "razor", "crate11201": "reach", "crate11211": "react", "crate01201limby00002": "ready", "crate01201limby10100": "realm", "crate01201limby00100": "rearm", "crate01101palmy01000jehad02020": "rebar", "crate01001winds00000lumpy10000": "rebel", "crate01001winds00002": "rebus", "crate01011meter02101": "refit", "crate01011meter02101refit22002": "rebut", "crate11101racer21210": "recap", "crate11011": "retch", "crate11011retch22110": "recut", "crate01001winds00020": "reedy", "crate01001winds00000lumpy00000rover20022": "refer", "crate01101palmy01100renal22022": "regal", "crate01101palmy01000jehad02220": "rehab", "crate01001winds01100infer11011": "reign", "crate01101palmy01200": "relax", "crate01101palmy01202": "relay", "crate11001recur22100": "relic", "crate01011meter12101": "remit", "crate01001winds10200owner01221": "renew", "crate01101palmy11002": "repay", "crate01001winds00000lumpy10010": "repel", "crate01001winds00000lumpy10012": "reply", "crate01001winds00100heron02202": "rerun", "crate01001winds01101": "resin", "crate01011meter02201": "retry", "crate01011meter02201retry22220": "retro", "crate01002sprog10100": "rinse", "crate01002sprog10100rinse20022": "reuse", "crate01001winds00000lumpy10000rebel22022": "revel", "crate01002sprog00100where00112": "revue", "crate01000surly00100rigid21000": "rhino", "crate01002sprog00100where02012": "rhyme", "crate01002sprog00100where00012": "rifle", "crate01010shout01002": "right", "crate01000surly00100rigid22200": "rigor", "crate01001winds02100": "ripen", "crate01001winds02000rivel22020": "riper", "crate01001winds02101": "risen", "crate01001winds02001miser02222": "riser", "crate01000surly10102": "risky", "crate01001winds02000rivel22220": "river", "crate01011meter00121": "threw", "crate01011meter00121threw10120": "rivet", "crate11200": "scary", "crate11200scary01210": "roach", "crate01210start10212": "roast", "crate01000surly00100rigid20020": "robin", "crate01010shout00102": "robot", "crate11000mucho00201": "rocky", "crate01001winds00010ousel10020": "rodeo", "crate01001winds00000lumpy00000rover22022": "roger", "crate01002sprog00111": "rogue", "crate01000surly00102ivory00212": "roomy", "crate01010shout10202": "roost", "crate01010shout00101motor02222": "rotor", "crate01002sprog00111rogue22112": "rouge", "crate01000surly01100round22200": "rough", "crate01002sprog10110": "rouse", "crate01000surly00102ivory00112": "rowdy", "crate01001winds10000realm21000": "rower", "crate01100pylon01110": "royal", "crate01000surly02102": "rugby", "crate01000surly02102rugby22002": "ruddy", "crate01001winds00010ousel02020": "ruder", "crate01001winds00000lumpy12000": "ruler", "crate01100pylon00000radar21000": "rumba", "crate01000surly02100humor02222": "rumor", "crate01002sprog01100": "rupee", "crate01100pylon00100rival20022": "rural", "crate00100sonly20022": "sadly", "crate01101palmy02000gowfs00011": "safer", "crate00110talon12001vughs00001": "saint", "crate00100sonly20010": "salad", "crate00100sonly20022sadly22022": "sally", "crate00100sonly21110": "salon", "crate00100sonly20010salad22210": "salsa", "crate00120spiny20002": "salty", "crate00102lambs12001false02212": "salve", "crate00100sonly21010": "shoal", "crate00100sonly21010shoal20111": "salvo", "crate00100sonly20202": "sandy", "crate01101palmy02000gowfs00001": "saner", "crate00100sonly20002": "shops", "crate00100sonly20002shops20020": "sappy", "crate00100sonly20002shops20001": "sassy", "crate00110talon12002": "satin", "crate10102dance02022": "sauce", "crate10100limbo00000fancy02022": "saucy", "crate00100sonly20100": "sauna", "crate00122whups00201": "saute", "crate01100pylon00020ramps12001": "savor", "crate00100sonly21002": "savoy", "crate00100sonly20002shops20000": "savvy", "crate10200plush01010": "scald", "crate10202place01212": "scale", "crate10200plush11010": "scalp", "crate10200plush01010scald22220": "scaly", "crate10200plush10010": "scamp", "crate10210": "scant", "crate11202": "scare", "crate11200scary22220": "scarf", "crate10002dinos00101": "scene", "crate10011eject00212": "scent", "crate10000spoil20110": "scion", "crate10000spoil20200": "smock", "crate10000spoil20200smock20210": "scoff", "crate10000spoil20201": "scold", "crate10002dinos00111": "scone", "crate10000spoil21200": "scoop", "crate10002dinos00011": "scope", "crate11000mucho00101": "scorn", "crate11000mucho01101": "scour", "crate10010hound01100": "scout", "crate10000spoil20202": "scowl", "crate11100scram22220": "scrap", "crate11002score22012": "scree", "crate11001recur11100": "screw", "crate11000mucho01100": "scrub", "crate11000mucho11100": "scrum", "crate10100limbo00020": "scuba", "crate00101kneel01100began02022": "sedan", "crate00001leben02010weedy02222": "seedy", "crate00002sling20001": "segue", "crate00002sling20200": "seize", "crate00001leben02022": "semen", "crate00002sling20010": "sense", "crate00101kneel00100essay11010": "sepia", "crate01001winds01001": "skier", "crate01001winds01001skier20111": "serif", "crate01001winds00001setup22020": "serum", "crate01002sprog20200": "serve", "crate00011sleet20101": "setup", "crate00001leben02022semen22022": "seven", "crate01001winds00001setup22000": "sever", "crate01001winds10001": "sewer", "crate10200plush00011": "shack", "crate00202slump20000": "drank", "crate00202slump20000drank10200": "shade", "crate00200shuln22000": "shady", "crate00210slink20000": "shaft", "crate00202slump20000drank00201": "shake", "crate00200shuln22000shady22202": "shaky", "crate00202slump21000": "shale", "crate00200shuln22020": "shall", "crate00210slink21000": "stall", "crate00210slink21000stall21220": "shalt", "crate00202slump20020": "shame", "crate00200shuln22001": "shank", "crate00202slump20001": "spade", "crate00202slump20001spade21202": "shape", "crate01200dowls10001": "shard", "crate01202flaps00201": "share", "crate01200dowls00001": "shark", "crate01200dowls00001shark22220": "sharp", "crate00202slump20000drank00200": "shave", "crate00200shuln22010": "shawl", "crate01101palmy01000jehad01120": "shear", "crate00001leben01020": "sweep", "crate00001leben01020sweep20222": "sheep", "crate01001winds00001setup21000": "sheer", "crate00011sleet20222": "sheet", "crate00001leben01000poesy00210": "sheik", "crate00001leben11000whims02001": "shelf", "crate00001leben11000whims02001shelf22220": "shell", "crate00001leben00020dopey10020": "shied", "crate00010hoing10200": "shift", "crate00002sling20220": "plash", "crate00002sling20220plash00011": "shine", "crate00000godly00002skimp20200": "shiny", "crate01002sprog20100": "shire", "crate01000surly20100": "shorn", "crate01000surly20100shorn22020": "shirk", "crate01010shout22002": "shirt", "crate10000spoil20200smock20222": "shock", "crate00002sling20020": "shone", "crate00000godly01000spoon20220": "shook", "crate00010hoing11000": "shoot", "crate01002sprog20110": "knowe", "crate01002sprog20110knowe00202": "shore", "crate01010shout22202": "short", "crate00010hoing11000shoot22202": "shout", "crate00002sling20000": "smoke", "crate00002sling20000smoke20202": "shove", "crate00000godly01000spoon20202": "shown", "crate00000godly01002snowy20222": "showy", "crate01001winds10001sewer20121": "shrew", "crate01000surly21200": "shrub", "crate01000surly21200shrub22220": "shrug", "crate10000spoil20000": "shuck", "crate00010hoing10020": "shunt", "crate00000godly00000spiks20001": "shush", "crate00000godly00022shlub22100": "shyly", "crate00002sling20101": "siege", "crate00002sling20100": "sieve", "crate00010hoing10101milfs02001": "sight", "crate00100sonly20000": "sigma", "crate00000godly00012sulky20222": "silky", "crate00000godly00022shlub20200": "silly", "crate10002dinos02201": "since", "crate00001leben00021fishy02100": "sinew", "crate00002sling20111": "singe", "crate01001winds02101risen12122": "siren", "crate00000godly00002skimp20100": "sissy", "crate00020nodus00001": "sixty", "crate00020nodus00001sixty22220": "sixth", "crate00222polks00011": "skate", "crate00000godly00000spiks20210": "skiff", "crate00000godly00020spill20222": "swill", "crate00000godly00020spill20222swill20222": "skill", "crate00000godly00000spiks21210": "skimp", "crate01010shout20002": "skirt", "crate00000godly00020spill20020": "skulk", "crate00000godly00020spill20022": "skull", "crate00000godly00000spiks20010": "skunk", "crate10200plush02010": "slack", "crate00200shuln20012": "slain", "crate00200shuln20011": "slang", "crate00210slink22020": "slant", "crate00200shuln21010": "slash", "crate00222polks00101": "slate", "crate00202slump22000": "slave", "crate00001leben11020sleep22220": "sleek", "crate00011sleet22202": "slept", "crate10002dinos01001": "spice", "crate10002dinos01001spice20222": "slice", "crate10000spoil20011": "slick", "crate00002sling22200": "slide", "crate00002sling22200slide22202": "slime", "crate00000godly00012sulky20102": "slimy", "crate00000godly10010fling02222": "sling", "crate00000godly00010sunup20100": "slink", "crate00000godly01010spoof21220": "sloop", "crate00002sling22000": "slope", "crate00000godly01010spoof20200": "slosh", "crate00020nodus01001": "sloth", "crate00000godly00010sunup21002": "slump", "crate00000godly10010fling02022": "slung", "crate00000godly00010sunup21100": "slunk", "crate01000surly21110": "slurp", "crate00000godly00010sunup21000": "slush", "crate00000godly00022shlub20100": "slyly", "crate10200plush00010": "snack", "crate10200plush00010snack20222": "smack", "crate00200shuln20020": "small", "crate01210start20222": "smart", "crate00200shuln21000": "smash", "crate00001leben11000whims00011": "smell", "crate00011sleet21202": "spelt", "crate00011sleet21202spelt20222": "smelt", "crate00002sling21200": "smile", "crate01000surly20100shorn20020": "smirk", "crate00022quips00201": "smite", "crate00020nodus00001sixty21020": "smith", "crate00000godly01002snowy20202": "smoky", "crate00022quips00001": "smote", "crate00200shuln20011slang21210": "snail", "crate00202slump20000drank00211": "snake", "crate00200shuln20001": "spank", "crate00200shuln20001spank20211": "snaky", "crate01202flaps00201share20222": "snare", "crate01200dowls00011": "snarl", "crate00101kneel12200": "sneak", "crate01001winds00101": "sneer", "crate00002sling20210": "snipe", "crate00002sling20210snipe22202": "snide", "crate00000godly00000spiks20200": "sniff", "crate00000godly01000spoon21221": "snoop", "crate01002sprog20110knowe02202": "snore", "crate01010shout20202": "sport", "crate01010shout20202sport20222": "snort", "crate00010hoing01010": "snout", "crate10000spoil20000shuck20222": "snuck", "crate00000godly00000spiks20000": "snuff", "crate00200shuln20000": "swami", "crate00200shuln20000swami20200": "soapy", "crate01001winds00001setup21000sheer20022": "sober", "crate00000godly02110": "solid", "crate00002sling21000": "solve", "crate01100pylon00011": "sonar", "crate10000spoil20120": "sonic", "crate00020nodus02001": "sooty", "crate00020nodus02001sooty22220": "sooth", "crate01000surly20202": "sorry", "crate00000godly02100whips00001": "sound", "crate00020nodus02011": "south", "crate01001winds10001sewer20222": "sower", "crate10202place10222": "space", "crate01202flaps00211": "spare", "crate01200dowls00001shark20222": "spark", "crate00200shuln20000swami20210": "spasm", "crate00200shuln20002": "spawn", "crate00101kneel10200": "speak", "crate00001leben01020sweep20221": "speed", "crate00001leben11000whims00001": "spell", "crate00001leben01001enjoy11000fiend00222": "spend", "crate00011sleet20202": "swept", "crate00011sleet20202swept20212": "spent", "crate01001winds00001setup21001": "sperm", "crate10000spoil22010": "spicy", "crate00001leben00020dopey10120": "spied", "crate00001leben10020divos01001": "spiel", "crate00002sling20200seize20202": "spike", "crate00000godly00002skimp21201": "spiky", "crate00010hoing00200still21220": "spilt", "crate00002sling20220plash10010": "spine", "crate00000godly00002skimp20201": "spiny", "crate01002sprog22100": "spire", "crate00022quips00211": "spite", "crate00110talon11200": "splat", "crate00010hoing00100midst01012": "split", "crate00000godly01010spoof22200": "spoil", "crate00002sling20000smoke20222": "spoke", "crate00000godly01000spoon22220": "spoof", "crate00000godly01000spoon22220spoof22220": "spook", "crate00000godly01010spoof22220": "spool", "crate01002sprog22110": "spore", "crate00010hoing01000orlop10001": "spout", "crate01002sprog22200": "spree", "crate01000surly20200": "sprig", "crate00000godly00000spiks22010": "spunk", "crate01000surly21100": "spurn", "crate01010shout20012": "spurt", "crate00100sonly20000sigma20001": "squad", "crate00110talon11000admit10002": "squat", "crate00000godly00000spiks20100": "squib", "crate10210scant21201": "stack", "crate00210slink20000shaft20221": "staff", "crate00212": "gleek", "crate00212gleek10100": "stage", "crate00210slink20100": "staid", "crate00210slink20110": "stain", "crate01210start22210": "stair", "crate00212gleek00101": "stake", "crate00212gleek01100": "stale", "crate00210slink21002": "stalk", "crate00210slink20000shaft20201": "stamp", "crate00210slink20020": "stand", "crate00210slink20022": "stank", "crate01212": "stare", "crate01210start22220": "stark", "crate00210slink20000shaft21201": "stash", "crate00222polks00001": "state", "crate00212gleek00100": "stave", "crate00111smelt20201": "steak", "crate00111smelt20201steak22220": "stead", "crate00111smelt20211": "steal", "crate00111smelt21201": "steam", "crate00011sleet20221": "steed", "crate00011sleet21221": "steel", "crate00011sleet20221steed22220": "steep", "crate00011sleet20201": "stein", "crate01011meter01101inert01221": "stern", "crate10010hound00000": "stick", "crate00010hoing00200still22200": "stiff", "crate00010hoing00200still22220": "stilt", "crate00010hoing00222": "tying", "crate00010hoing00222tying10222": "sting", "crate00010hoing00220stink22220": "stint", "crate10010hound01000optic10101": "stock", "crate10010hound01000optic10122": "stoic", "crate00012shily20000": "skran", "crate00012shily20000skran21000": "stoke", "crate00012shily20020": "stole", "crate00010hoing01000orlop10002": "stomp", "crate00012shily20000skran20001": "stone", "crate00010hoing01020": "stony", "crate00010hoing01000orlop10020": "stood", "crate00010hoing01000orlop10120": "stool", "crate00010hoing01000orlop10022": "stoop", "crate01012": "three", "crate01012three10102": "store", "crate01010shout20201": "zymic", "crate01010shout20201zymic00000": "stork", "crate01010shout20201zymic00100": "storm", "crate01010shout20201zymic01000": "story", "crate00010hoing01000orlop10000": "stout", "crate00012shily20000skran20000": "stove", "crate01110satyr21101": "strap", "crate01110satyr21101strap22220": "straw", "crate01110satyr21111": "stray", "crate01010shout20001": "strip", "crate01010shout20022": "strut", "crate10010hound00200": "stuck", "crate00010hoing00000": "zymic", "crate00010hoing00000zymic01000": "study", "crate00010hoing00000zymic00000": "stuff", "crate00010hoing00000zymic00100": "stump", "crate00010hoing00022": "stung", "crate00010hoing00020stunt22220": "stunk", "crate00012shily20021": "style", "crate00202slump20100": "suave", "crate01100pylon00000radar00022": "sugar", "crate00022quips02201": "suite", "crate00000godly00022shlub20210": "sully", "crate10100limbo00200": "sumac", "crate00000godly00002skimp20000": "sunny", "crate01001winds00001setup21011": "super", "crate01001winds00001setup21010": "surer", "crate01002sprog20201": "surge", "crate00000godly00000spiks20101": "sushi", "crate00200shuln20000swami22220": "swamp", "crate01200dowls00101": "swarm", "crate00200shuln21000smash20222": "swash", "crate01101palmy01000jehad01020": "swear", "crate00111smelt20202": "sweat", "crate00011sleet20222sheet20222": "sweet", "crate00001leben11000whims10001": "swell", "crate00010hoing00200still21200": "swift", "crate00002sling20220plash00010": "swine", "crate00000godly10000suing20222": "swing", "crate01000surly20110": "swirl", "crate00000godly00000spiks20201": "swish", "crate00000godly01000spoon20222": "swoon", "crate00000godly01000spoon21220": "swoop", "crate01000surly20100shorn20220": "sword", "crate01002sprog20110knowe00212": "swore", "crate01000surly20100shorn20222": "sworn", "crate00000godly10000suing21022": "swung", "crate00000godly01101": "synod", "crate01000surly21201": "syrup", "crate00110talon22000": "tabby", "crate00110talon22020": "taboo", "crate10110haint02102": "tacit", "crate10110haint02001": "tacky", "crate00110talon22000tabby22002": "taffy", "crate00110talon22001": "taint", "crate01111alter10122": "proem", "crate01111alter10122proem01020": "taker", "crate00110talon22200": "tally", "crate01111alter10122proem01021": "tamer", "crate00110talon22011": "tango", "crate00110talon22001taint22010": "tangy", "crate01111alter10122proem11020": "taper", "crate01110satyr02102": "tapir", "crate01110satyr02111": "tardy", "crate01110satyr02101": "tarot", "crate00122whups00001baste02222": "taste", "crate00120spiny00002beefs00000": "tatty", "crate00110talon22001taint22022": "taunt", "crate00110talon22001taint22020": "tawny", "crate10211enact10221": "teach", "crate00212gleek00110": "tease", "crate00011sleet00101fetid02101": "teddy", "crate00021plesh00202": "teeth", "crate00011sleet00101fetid02100": "tempo", "crate00011sleet00122beget02022": "tenet", "crate01011meter02102": "tenor", "crate00012shily10000": "tense", "crate00021plesh00102": "tenth", "crate00011sleet00101fetid02122": "tepid", "crate01111alter10111": "terra", "crate01012three20212": "terse", "crate00021plesh00110": "zesty", "crate00021plesh00110zesty02222": "testy", "crate00210slink00022": "thank", "crate00011sleet00202inept00202": "theft", "crate01011meter01102": "their", "crate00012shily02000": "theme", "crate01012three22112": "there", "crate00012shily12000": "those", "crate00012shily12000those22022": "these", "crate00121delta01022": "theta", "crate10010hound10000pitch01121": "thick", "crate00011sleet00021token20020": "thief", "crate00010hoing10201": "thigh", "crate00010hoing10222": "thing", "crate00010hoing10220": "think", "crate01010shout02001": "third", "crate00010hoing11022": "thong", "crate01010shout02201": "thorn", "crate01010shout02101": "throw", "crate01010shout02101throw22220": "throb", "crate01010shout02021": "thrum", "crate00010hoing10000": "thumb", "crate00010hoing10000thumb22220": "thump", "crate00012shily02001": "thyme", "crate01210start01220": "tiara", "crate00110talon21000": "tibia", "crate00110talon21100": "tubal", "crate00110talon21100tubal20022": "tidal", "crate01011meter00122loury00010": "tiger", "crate00010hoing10101milfs02000": "tight", "crate00012shily00110": "tilde", "crate01011meter10122": "timer", "crate00010hoing00100midst12101": "timid", "crate00010hoing00100midst02021": "tipsy", "crate00110talon21002": "titan", "crate00012shily01100": "tithe", "crate00012shily00120": "title", "crate00210slink10000boast02222": "toast", "crate00110talon21010": "today", "crate00010hoing02000boost02001": "toddy", "crate00110talon21111": "tonal", "crate00110talon21011": "tonga", "crate10010hound02010": "tonic", "crate00020nodus02000booty02220": "tooth", "crate00110talon21010today22020": "topaz", "crate10010hound02000": "topic", "crate11010": "torch", "crate01010shout10101": "torso", "crate01010shout10121": "torus", "crate00110talon21110": "total", "crate00011sleet00021token22020": "totem", "crate10010hound12200": "touch", "crate00010hoing12001": "tough", "crate00011sleet01021motel02122": "towel", "crate01011meter00122loury02010": "tower", "crate10010hound02000topic22022": "toxic", "crate00010hoing02110": "toxin", "crate12212": "trace", "crate12210": "track", "crate12210track22220": "tract", "crate02212": "trade", "crate02210pling01100": "trail", "crate02210pling00110": "train", "crate02210pling00100": "trait", "crate02210pling10000": "tramp", "crate02210pling01000": "trawl", "crate02111tread22220": "treat", "crate02011truer22010": "trend", "crate02110triad22220": "trial", "crate02012": "trope", "crate02012trope22002": "tribe", "crate12012": "trice", "crate12010": "trick", "crate02011truer22020": "tried", "crate02012trope22022": "tripe", "crate02022write02222": "trite", "crate02010tonus21000": "troll", "crate02010tonus21000troll22200": "troop", "crate02010tonus21020": "trout", "crate02012trope22202": "trove", "crate12012trice22022": "truce", "crate12010trick22022": "truck", "crate02010tonus20010": "truly", "crate02010tonus20010truly22200": "trump", "crate02010tonus20110": "trunk", "crate02010tonus20012": "truss", "crate02010tonus20011": "trust", "crate02020froth02022": "truth", "crate02010tonus20001": "tryst", "crate01011meter00122loury00110": "tuber", "crate00010hoing00100midst01001": "tulip", "crate00012shily00020": "tulle", "crate01010shout00111": "tumor", "crate10010hound00110": "uncut", "crate10010hound00110uncut11101": "tunic", "crate01010shout00111tumor22011": "turbo", "crate01010shout00111tumor22022": "tutor", "crate00210slink00020": "twang", "crate00111smelt00201": "tweak", "crate00011sleet00221": "tweed", "crate00011sleet00222": "tweet", "crate10012": "twice", "crate00012shily00200": "twine", "crate01010shout00001": "twirl", "crate00010hoing00200still11200": "twist", "crate00010hoing00200still01200": "twixt", "crate01001winds00010ousel01020": "udder", "crate11001recur01212": "ulcer", "crate01110satyr01201": "ultra", "crate01100pylon00000radar11000": "umbra", "crate10002dinos00100": "uncle", "crate01001winds00110": "under", "crate00000godly00200": "undid", "crate00002sling00010": "undue", "crate00001leben00021fishy10000": "unfed", "crate00000godly00002skimp00200": "whiny", "crate00000godly00002skimp00200whiny00212": "unify", "crate00000godly01000spoon00022": "union", "crate00022quips01200": "unite", "crate00020nodus10010": "unity", "crate00010hoing00110unfit22022": "unlit", "crate00011sleet00022duvet01022": "unmet", "crate00012shily00100": "untie", "crate00010hoing00110unfit22021": "until", "crate00001leben00021fishy00000": "unwed", "crate00000godly00000spiks01100": "unzip", "crate01001winds00000lumpy01010": "upper", "crate00011sleet10022unset20222": "upset", "crate02100arbor12200": "urban", "crate00202slump10100": "usage", "crate01001winds00001setup11010": "usher", "crate00000godly10000suing11222": "using", "crate00100sonly10010basil01102": "usual", "crate01000surly11100": "usurp", "crate00012shily00220": "utile", "crate01011meter00222otter02222": "utter", "crate00102lambs02000gungy11000": "vague", "crate00111smelt00112": "valet", "crate00100sonly00010axial10101": "valid", "crate01100pylon00220": "valor", "crate00102lambs12000value22202": "valve", "crate00100sonly00000gamma02000": "vapid", "crate01100pylon10020": "vapor", "crate00110talon12001vughs21000": "vaunt", "crate00101kneel01100began02222": "vegan", "crate00001leben02001denim02202": "venom", "crate00002sling00010undue01022": "venue", "crate01002sprog10200nurse00222": "verse", "crate01001winds00001setup12000": "verso", "crate01002sprog00200nerve02222": "verve", "crate11100scram01120": "vicar", "crate00001leben00020dopey11020": "video", "crate00000godly10010fling01101": "vigil", "crate01000surly00100rigid12200": "vigor", "crate00100sonly00020": "villa", "crate00000godly00011lymph11000": "vinyl", "crate00100sonly01020": "viola", "crate01001winds02000rivel12120": "viper", "crate01100pylon00100rival12122": "viral", "crate01000surly11200": "virus", "crate00010hoing00100midst02012": "visit", "crate01000surly10100": "visor", "crate00120spiny10100": "vista", "crate00110talon11100aptly10210": "vital", "crate00001leben00022vodka20000": "vixen", "crate00002sling00001boeuf02120": "vogue", "crate10002dinos01010": "voice", "crate00100sonly02020": "voila", "crate00010hoing02100posit02022": "vomit", "crate01011meter00222otter10222": "voter", "crate10000spoil00100": "vouch", "crate00001leben10020divos00110": "vowel", "crate00000godly10001": "vying", "crate10100limbo00000fancy02012": "wacky", "crate01101palmy02000gowfs00110": "wafer", "crate01101palmy02000gowfs10100": "wager", "crate00102lambs02000gungy00000": "waive", "crate00120spiny00000quota00021": "waltz", "crate00122whups20001": "waste", "crate10110haint12001blimp00000": "watch", "crate01111alter10222whews20100": "water", "crate01101palmy02000gowfs00100": "waver", "crate01201limby00002ready12202": "weary", "crate00002sling00001boeuf00100hedge02222": "wedge", "crate00001leben02000pesky02000": "weigh", "crate01001winds21010": "weird", "crate10001debel02001": "welch", "crate00001leben12000helix12200": "welsh", "crate10200plush00001": "whack", "crate00202slump01000leave10202": "whale", "crate01200dowls00100": "wharf", "crate00111smelt00202adept10202": "wheat", "crate00001leben11020sleep01220": "wheel", "crate00001leben11000whims22000": "whelp", "crate10000spoil00010whack22020": "which", "crate00000godly00000spiks00200": "whiff", "crate00002sling00220ovine00222": "whine", "crate01000surly00110floor01001": "whirl", "crate00000godly00000spiks10210": "whisk", "crate00022quips00200elite00222": "white", "crate00002sling01000roved01010": "whole", "crate00000godly01000spoon01220": "whoop", "crate00002sling10000mouch01001": "whose", "crate00001leben00022vodka00200": "widen", "crate01001winds22010": "wider", "crate00000godly01200": "widow", "crate00020nodus00200": "width", "crate00001leben11000whims20100": "wield", "crate00010hoing10101milfs02000tight02222": "wight", "crate00000godly00022shlub00200filly02222": "willy", "crate00000godly00002skimp00111": "wimpy", "crate10000spoil00010whack21020": "winch", "crate00000godly00102dumpy10002": "windy", "crate01001winds22001": "wiser", "crate00000godly00002skimp10101": "wispy", "crate10010hound10000pitch02222": "witch", "crate00001leben00022vodka02010": "woken", "crate00001leben00022vodka02000": "women", "crate00000godly02102dowdy02122": "woody", "crate01001winds20000": "wooer", "crate00000godly02022howfs02100": "wooly", "crate00000godly02002boson02010": "woozy", "crate01000surly00202worry22202": "wordy", "crate01000surly00220": "world", "crate01010shout10102": "worst", "crate01020wingy20000": "worth", "crate00000godly02120": "would", "crate00000godly02100whips20000": "wound", "crate00001leben00022vodka12000": "woven", "crate12200": "wrack", "crate02220": "wrath", "crate12001": "wreck", "crate02011truer12010": "wrest", "crate02000bidon01001": "wring", "crate02010tonus10001": "wrist", "crate02000bidon00011prong02222": "wrong", "crate02022write22022": "wrote", "crate02000bidon00001": "wrung", "crate02000bidon00000gruff02000": "wryly", "crate10110haint12002": "yacht", "crate01201limby00001": "yearn", "crate00211idyls00101": "yeast", "crate00001leben11000whims00100field02222": "yield", "crate00000godly12001": "young", "crate00020nodus02010mouth02222": "youth", "crate01101palmy01000jehad02010": "zebra", "crate00100sonly02210": "zonal"}