{"salet01000": "brond", "salet01000brond10000": "aback", "salet11010": "arose", "salet11010arose20022": "abase", "salet01011": "grate", "salet01011grate00222": "ovate", "salet01011grate00222ovate00222": "abate", "salet01020": "anger", "salet01020anger20020": "abbey", "salet01002": "crudo", "salet01002crudo00001": "abbot", "salet01000brond11100": "abhor", "salet01010": "beard", "salet01010beard11101": "adobe", "salet01010beard11101adobe21012": "abide", "salet01220": "abled", "salet01010beard11101adobe21212": "abode", "salet01002crudo01001": "abort", "salet01002crudo00101": "about", "salet01010beard11100": "above", "salet11010arose20022abase22022": "abuse", "salet11000": "crags", "salet11000crags00102": "abyss", "salet01000brond01210": "acorn", "salet01000brond01002": "acrid", "salet01001": "tronc", "salet01001tronc11101": "actor", "salet01011grate00122": "acute", "salet01010beard01201": "evade", "salet01010beard01201evade00212": "adage", "salet01002crudo00010": "admit", "salet01002crudo00010admit22002": "adapt", "salet01012": "wrang", "salet01012wrang00100": "adept", "salet01000brond00011": "admin", "salet01002crudo00011": "adopt", "salet01010beard01121": "adore", "salet01000brond01211": "adorn", "salet01102": "fungi", "salet01102fungi01000": "adult", "salet01000brond00000": "chaff", "salet01000brond00000chaff00111": "affix", "salet01010beard01120": "afire", "salet01002crudo00001abbot20022": "afoot", "salet01100": "corni", "salet01100corni01000": "aloof", "salet01100corni01000aloof21201": "afoul", "salet01021": "after", "salet01000brond00010": "avian", "salet01000brond00010avian20112": "again", "salet01010beard01200": "amuck", "salet01010beard01200amuck20000": "agape", "salet01011grate10222": "agate", "salet01012wrang00121": "agent", "salet01110": "gnarl", "salet01110gnarl10101": "algae", "salet01110gnarl10101algae21102": "agile", "salet01000brond00020": "aging", "salet01200": "allay", "salet01200allay20200": "aglow", "salet01000brond00220": "agony", "salet01000brond01200": "agora", "salet01020anger20121": "agree", "salet01010beard01102": "amend", "salet01010beard01102amend20202": "ahead", "salet01020anger20022": "amber", "salet01020anger20022amber20022": "aider", "salet11110": "aisle", "salet01100corni00100": "drawl", "salet01100corni00100drawl01201": "alarm", "salet01100corni00000": "amply", "salet01100corni00000amply21010": "album", "salet01112": "repla", "salet01112repla11011": "alert", "salet01100corni00002": "alibi", "salet01120": "alien", "salet01100corni00011": "align", "salet01110gnarl00101": "amble", "salet01110gnarl00101amble20012": "alive", "salet01110gnarl00101amble20012alive22202": "alike", "salet01220abled20220": "alley", "salet01202": "allot", "salet01200allay22200": "allow", "salet01200allay22202": "alloy", "salet01102fungi10000": "aloft", "salet01110gnarl01101": "alone", "salet01100corni01020": "along", "salet01100corni01000aloof22200": "aloud", "salet01100corni00000amply20210": "alpha", "salet01101": "rotis", "salet01101rotis10200": "altar", "salet01121": "alter", "salet11000crags00202": "amass", "salet01010beard01200amuck22000": "amaze", "salet11000crags00102abyss20022": "amiss", "salet01001tronc10000": "amity", "salet01000brond00220agony21220": "among", "salet01110gnarl00101amble22022": "ample", "salet11010arose20022abase20022": "amuse", "salet01120alien21021": "angel", "salet01110gnarl12101": "angle", "salet01000brond01010": "angry", "salet11002": "scrob", "salet11002scrob10000": "angst", "salet01010beard01100": "enema", "salet01010beard01100enema12021": "anime", "salet01110gnarl02101": "ankle", "salet01020anger22020": "annex", "salet01000brond00110": "axion", "salet01000brond00110axion20021": "annoy", "salet01100corni00010": "annul", "salet01010beard01101": "anode", "salet01001tronc10012": "antic", "salet01100corni00011align21101": "anvil", "salet01001tronc11100": "aorta", "salet01002crudo01000": "apart", "salet01000brond00002": "aphid", "salet01000brond00020aging20222": "aping", "salet01020anger21020": "apnea", "salet01110gnarl00101amble20022": "apple", "salet01100corni00000amply20222": "apply", "salet01000brond01110": "apron", "salet01101rotis00200": "aptly", "salet01000brond12100": "arbor", "salet01000brond02101": "ardor", "salet01010beard01110": "cream", "salet01010beard01110cream02210": "arena", "salet01010beard01110cream02110": "argue", "salet11010arose22022": "arise", "salet01000brond02100": "arrow", "salet01000brond02100arrow22120": "armor", "salet01000brond02200": "croak", "salet01000brond02200croak02210": "aroma", "salet01000brond02000": "copay", "salet01000brond02000copay00022": "array", "salet11000crags02101": "arson", "salet11001": "artsy", "salet11002scrob11020": "ascot", "salet11020": "askew", "salet11020askew22020": "ashen", "salet11010arose20012": "aside", "salet11000crags00101": "assay", "salet11022": "asset", "salet01101rotis01100": "atoll", "salet01011grate00112": "atone", "salet01001tronc10002": "attic", "salet01000brond00101": "dogma", "salet01000brond00101dogma11001": "audio", "salet01002crudo00110": "audit", "salet01000brond01000": "chair", "salet01000brond01000chair00102": "augur", "salet01001tronc10010": "junta", "salet01001tronc10010junta02221": "aunty", "salet01100corni00001": "alaap", "salet01100corni00001alaap21200": "avail", "salet01012wrang01100": "avert", "salet01000brond00202": "avoid", "salet01002crudo00000": "await", "salet01010beard01200amuck20001": "awake", "salet01000brond01002acrid20102": "award", "salet01010beard01220": "aware", "salet11000crags00201": "awash", "salet01100corni00000amply20010": "awful", "salet01010beard01100enema10001": "awoke", "salet01100corni00001alaap21020": "axial", "salet01000brond00100": "foamy", "salet01000brond00100foamy01110": "axiom", "salet01010beard01120afire20022": "azure", "salet02000": "corny", "salet02000corny11010": "bacon", "salet02010": "cumin", "salet02010cumin00000": "badge", "salet02100": "bingy", "salet02100bingy20002": "badly", "salet02120": "lynch", "salet02120lynch10000": "bagel", "salet02000corny00002": "podgy", "salet02000corny00002podgy00022": "baggy", "salet02020": "gormy", "salet02020gormy00100": "caper", "salet02020gormy00100caper02022": "waver", "salet02020gormy00100caper02022waver02022": "baker", "salet02220": "paler", "salet02220paler02222": "baler", "salet02200": "rally", "salet02200rally02202": "balmy", "salet02100bingy20200": "banal", "salet02000corny01010": "banjo", "salet02010cumin00000badge22022": "barge", "salet02000corny01210": "baron", "salet12100": "basal", "salet12000": "sensi", "salet12000sensi10001": "basic", "salet12100basal22202": "basil", "salet12000sensi10101": "basin", "salet12000sensi10011": "basis", "salet12011": "chibs", "salet12011chibs00011": "baste", "salet02001": "corby", "salet02001corby10010": "batch", "salet02011": "haute", "salet02011haute12012": "bathe", "salet02001corby01010": "baton", "salet02001corby00012": "batty", "salet02000corny00002podgy00102": "bawdy", "salet02000corny01001": "bayou", "salet01010beard22200": "beach", "salet01010beard22201": "beady", "salet11012": "burfi", "salet11012burfi20000": "beast", "salet00010": "drone", "salet00010drone00001": "beech", "salet00010drone00001beech22200": "beefy", "salet00012": "rieve", "salet00012rieve01100": "edict", "salet00012rieve01100edict10102": "befit", "salet01010beard22100": "began", "salet01012wrang00101": "begat", "salet00022": "cerne", "salet00022cerne02001": "beget", "salet00010drone00011": "begin", "salet00010drone00011begin22202": "begun", "salet00010drone00021": "eying", "salet00010drone00021eying10222": "being", "salet00210": "himbo", "salet00210himbo10010": "belch", "salet00210himbo01010": "belie", "salet00210himbo00010": "belle", "salet00210himbo00010belle22220": "belly", "salet00210himbo00011": "below", "salet00010drone00011begin22001": "bench", "salet00022cerne02201": "beret", "salet00010drone01001": "furry", "salet00010drone01001furry00222": "merry", "salet00010drone01001furry00222merry02222": "berry", "salet00011": "trite", "salet00011trite01021": "berth", "salet10022": "upbow", "salet10022upbow00100": "beset", "salet00121": "hotel", "salet00121hotel00222": "betel", "salet00120": "bevor", "salet00120bevor22200": "bevel", "salet00120bevor22000": "bezel", "salet00110": "doing", "salet00110doing00100": "rifle", "salet00110doing00100rifle02022": "bible", "salet00020": "rownd", "salet00020rownd00000": "chief", "salet00020rownd00000chief10120": "bicep", "salet00000": "courd", "salet00000courd00001": "dying", "salet00000courd00001dying11100": "biddy", "salet00002": "groin", "salet00002groin10110": "bigot", "salet00210himbo02010": "bilge", "salet00200": "fugly", "salet00200fugly00022": "dhobi", "salet00200fugly00022dhobi00011": "billy", "salet00010drone00012": "finch", "salet00010drone00012finch02200": "binge", "salet00000courd01000": "inbox", "salet00000courd01000inbox11110": "bingo", "salet00010drone00202": "zymic", "salet00010drone00202zymic00110": "biome", "salet00000courd10010": "birch", "salet00001": "north", "salet00001north00222": "barge", "salet00001north00222barge20200": "birth", "salet10000": "mucho", "salet10000mucho00001": "gross", "salet10000mucho00001gross00110": "bison", "salet00001north00020": "biked", "salet00001north00020biked22000": "bitty", "salet01100corni10000": "flack", "salet01100corni10000flack02222": "black", "salet01110gnarl00201": "fehme", "salet01110gnarl00201fehme00002": "blade", "salet01110gnarl00201fehme00022": "blame", "salet01100corni00020": "biped", "salet01100corni00020biped20002": "bland", "salet01100corni00020biped20000": "blank", "salet01110gnarl00221": "flare", "salet01110gnarl00221flare02222": "blare", "salet11102": "blast", "salet01110gnarl00201fehme00002blade22202": "blaze", "salet01110gnarl00101amble10111": "bleak", "salet01112repla01011": "bleat", "salet00120bevor21000": "bleed", "salet00120bevor21000bleed22220": "bleep", "salet00110doing10020": "blend", "salet10110": "aloes", "salet10110aloes02012": "bless", "salet00100": "courd", "salet00100courd00000": "fling", "salet00100courd00000fling02200": "blimp", "salet00100courd00002": "livid", "salet00100courd00002livid11002": "blind", "salet00100courd00000fling02220": "blink", "salet10100": "forbs", "salet10100forbs00012": "bliss", "salet00101": "troll", "salet00101troll10010": "blitz", "salet01102fungi00000": "bloat", "salet00100courd11000": "block", "salet00110doing01000": "elbow", "salet00110doing01000elbow12110": "bloke", "salet00100courd01002": "blood", "salet00100courd01002blood22202": "blond", "salet00100courd01000": "bloom", "salet00100courd01000bloom22200": "blown", "salet00120bevor21002": "bluer", "salet00100courd00200": "flung", "salet00100courd00200flung12200": "bluff", "salet00102": "flung", "salet00102flung02220": "blunt", "salet00100courd00220": "blurb", "salet00102flung02200": "blurt", "salet10100forbs00011": "blush", "salet01000brond21102": "board", "salet11002scrob10011": "boast", "salet00000courd02000": "bongo", "salet00000courd02000bongo22000": "bobby", "salet00020rownd02010": "nymph", "salet00020rownd02010nymph11000": "boney", "salet10000mucho01001": "bonus", "salet00000courd02000bongo22001": "booby", "salet10002": "doric", "salet10002doric02000": "boost", "salet00001north02022": "umber", "salet00001north02022umber00100": "booth", "salet00001north02020": "motto", "salet00001north02020motto02021": "booty", "salet00010drone00202zymic10000": "booze", "salet00000courd02000bongo22001booby22202": "boozy", "salet01000brond21100": "borax", "salet00010drone01122": "borne", "salet10000mucho10001": "bosom", "salet10000mucho00001gross00121": "bossy", "salet00001north02012": "botch", "salet00000courd02200": "bough", "salet00110doing02000": "boule", "salet00000courd02202": "whomp", "salet00000courd02202whomp00100": "bound", "salet00120bevor21010": "bowel", "salet00020rownd12000": "chevy", "salet00020rownd12000chevy00100": "joker", "salet00020rownd12000chevy00100joker02022": "boxer", "salet01010beard21210": "calve", "salet01010beard21210calve11002": "brace", "salet01000brond22002": "braid", "salet01000brond22010": "brawn", "salet01000brond22010brawn22202": "brain", "salet01010beard21210calve01002": "brake", "salet01000brond22022": "brand", "salet11000crags02201": "brash", "salet11000crags02202": "brass", "salet01010beard21210calve01022": "brave", "salet01000brond22100": "bravo", "salet01100corni00100drawl02222": "brawl", "salet01010beard21112": "bread", "salet01010beard21110": "break", "salet00020rownd10002": "ficos", "salet00020rownd10002ficos00000": "breed", "salet01000brond22000": "briar", "salet00010drone02002": "campi", "salet00010drone02002campi00001": "bribe", "salet00000courd10010birch21120": "brick", "salet00010drone12002": "pride", "salet00010drone12002pride02222": "bride", "salet00020rownd10000": "pubic", "salet00020rownd10000pubic00110": "brief", "salet00010drone02022": "brine", "salet00000courd00010": "wring", "salet00000courd00010wring02222": "bring", "salet00000courd00010wring02220": "briny", "salet00000courd00010wring02220briny22220": "brink", "salet10000mucho00000": "frisk", "salet10000mucho00000frisk02222": "brisk", "salet01000brond22202": "broad", "salet00100courd01010": "prowl", "salet00100courd01010prowl02202": "broil", "salet00010drone02202": "probe", "salet00010drone02202probe02212": "broke", "salet00000courd01012": "frond", "salet00000courd01012frond02202": "brood", "salet00000courd01010": "gimpy", "salet00000courd01010gimpy00000": "brown", "salet00000courd01010gimpy00000brown22200": "brook", "salet00000courd01010gimpy00100": "broom", "salet00001north01122": "froth", "salet00001north01122froth02222": "broth", "salet00002groin02001": "brunt", "salet10000mucho01010": "brush", "salet00011trite02022": "brute", "salet00000courd00101": "dumpy", "salet00000courd00101dumpy12002": "buddy", "salet00010drone10002": "hijab", "salet00010drone10002hijab00001": "budge", "salet00000courd00100": "funky", "salet00000courd00100funky02002": "guppy", "salet00000courd00100funky02002guppy12002": "buggy", "salet00110doing00001": "elegy", "salet00110doing00001elegy11010": "bugle", "salet00100courd00102": "build", "salet00102flung01100": "quilt", "salet00102flung01100quilt02222": "built", "salet00210himbo00010belle20202": "bulge", "salet00200fugly02012": "bulky", "salet00200fugly02022": "dully", "salet00200fugly02022dully02222": "bully", "salet00000courd10100": "hempy", "salet00000courd10100hempy10000": "bunch", "salet00000courd00100funky02202": "bunny", "salet00100courd00110": "burly", "salet00002groin01001": "burnt", "salet10002doric00200": "burst", "salet10020": "mhorr", "salet10020mhorr00000": "bused", "salet10000mucho02020": "bushy", "salet00001north00012": "hider", "salet00001north00012hider10000": "butch", "salet00011trite10022": "butte", "salet00000courd01100": "gumbo", "salet00000courd01100gumbo02111": "buxom", "salet00020rownd10000pubic02100": "buyer", "salet01200allay00221": "bylaw", "salet02100bingy10000": "labor", "salet02100bingy10000labor12200": "cabal", "salet02000corny20002": "caddy", "salet02000corny20002caddy22002": "cabby", "salet02000corny20010": "cabin", "salet02110": "creme", "salet02110creme20002": "cable", "salet02000corny21000": "cacao", "salet02010cumin20000": "cache", "salet02001corby20000": "catch", "salet02001corby20000catch22110": "cacti", "salet02022": "facet", "salet02022facet02122": "cadet", "salet02020gormy10002": "cagey", "salet02000corny20110": "cairn", "salet02120lynch10010": "camel", "salet02020gormy01010": "cameo", "salet02100bingy00200": "canal", "salet02000corny20012": "candy", "salet02000corny20022": "canny", "salet02010cumin20001": "canoe", "salet02000corny21010": "canon", "salet02002": "thing", "salet02002thing10000": "carat", "salet02002thing10000carat22002": "caput", "salet02000corny21200": "cargo", "salet02100bingy00000": "papal", "salet02100bingy00000papal02002": "carol", "salet02000corny20202": "carry", "salet02010cumin20000cache22002": "carve", "salet12011chibs20001": "caste", "salet02021": "tromp", "salet02021tromp11000": "where", "salet02021tromp11000where00110": "cater", "salet02001corby20002": "catty", "salet02100bingy00000papal02001": "caulk", "salet12010": "rucks", "salet12010rucks01101": "cause", "salet02100bingy01000": "cavil", "salet11010arose10022": "chase", "salet11010arose10022chase20222": "cease", "salet01010beard02111": "cedar", "salet00210himbo00002": "cello", "salet01010beard01200amuck10010": "chafe", "salet01000brond00010avian10102": "chain", "salet01100corni20000": "clack", "salet01100corni20000clack21202": "chalk", "salet01000brond00000chaff22200": "champ", "salet01002crudo20000": "chant", "salet11000crags20202": "chaos", "salet01000brond01002acrid11102": "chard", "salet01000brond01000chair22201": "charm", "salet01002crudo21000": "chart", "salet11000crags20201": "chasm", "salet01010beard01100enema00201": "cheap", "salet01012wrang00100adept10202": "cheat", "salet00010drone00001beech00221": "check", "salet00020rownd00000chief22020": "cheek", "salet00020rownd10000pubic00001": "creek", "salet00020rownd10000pubic00001creek21220": "cheer", "salet10010": "rhone", "salet10010rhone02001": "chess", "salet10012": "quich", "salet10012quich00011": "chest", "salet00000courd20000": "cynic", "salet00000courd20000cynic20011": "chick", "salet00010drone10002hijab11000": "chide", "salet00100courd20002": "child", "salet00100courd20000": "blink", "salet00100courd20000blink01200": "chill", "salet00100courd20000blink01200chill22220": "chili", "salet00010drone00002": "queue", "salet00010drone00002queue00002": "chime", "salet01000brond00020aging10220": "china", "salet00000courd20020": "chirp", "salet00000courd21000": "chock", "salet00000courd21010": "bidon", "salet00000courd21010bidon01010": "choir", "salet00010drone00202zymic00001": "choke", "salet00000courd21022": "chord", "salet00010drone01202": "chore", "salet10010rhone02202": "whose", "salet10010rhone02202whose02222": "chose", "salet00000courd20200": "chunk", "salet00000courd20200chunk22202": "chuck", "salet00000courd20200chunk22200": "chump", "salet00000courd20220": "churn", "salet00011trite00022": "chute", "salet00020rownd10001": "drier", "salet00020rownd10001drier10122": "cider", "salet01000brond01000chair20112": "cigar", "salet00000courd20000cynic20211": "cinch", "salet01000brond01000chair20111": "circa", "salet00000courd20000cynic20022": "civic", "salet00100courd20000blink01100": "civil", "salet01100corni20001": "claim", "salet01100corni20000clack22200": "clamp", "salet01100corni20020": "clank", "salet01100corni20020clank22220": "clang", "salet11100": "pucks", "salet11100pucks00101": "clash", "salet11100pucks10101": "clasp", "salet11100pucks00102": "class", "salet01110gnarl01101alone12011": "clean", "salet01110gnarl00111": "clear", "salet01112repla01011bleat02222": "cleat", "salet00112": "crews", "salet00112crews20200": "cleft", "salet00110doing00000": "clump", "salet00110doing00000clump22000": "clerk", "salet00100courd20000blink02202": "click", "salet00100courd20000blink02200": "cliff", "salet00100courd20000blink12200": "climb", "salet00100courd20000blink02220": "cling", "salet00100courd20000blink02222": "clink", "salet01100corni21000": "cloak", "salet00100courd21000": "clown", "salet00100courd21000clown22200": "clock", "salet00110doing01020": "clone", "salet10110aloes02211": "close", "salet00101troll10210": "cloth", "salet00100courd21102": "cloud", "salet00102flung02100": "clout", "salet00110doing01000elbow12010": "clove", "salet00100courd20200": "moans", "salet00100courd20200moans00000": "cluck", "salet00120bevor01000": "piend", "salet00120bevor01000piend00102": "clued", "salet00100courd20200moans10000": "clump", "salet00100courd20200moans00020": "clung", "salet01000brond00100foamy02200": "coach", "salet11002scrob11010": "coast", "salet01000brond11100abhor11011": "cobra", "salet01000brond00100foamy02100": "cocoa", "salet00200fugly00010": "colon", "salet00200fugly00010colon22220": "color", "salet00022cerne21000": "comet", "salet00000courd22000": "conch", "salet00000courd22000conch22000": "comfy", "salet00000courd22000conch22010": "comic", "salet01000brond00100foamy02120": "comma", "salet00000courd22001": "condo", "salet00000courd22000conch22210": "conic", "salet10010rhone00102": "poise", "salet10010rhone00102poise12022": "copse", "salet01100corni22200": "coral", "salet00020rownd12000chevy20100": "corer", "salet00000courd22010": "corny", "salet00000courd22200": "cough", "salet00000courd22200cough22202": "couch", "salet00100courd22202": "could", "salet00002groin00101": "mount", "salet00002groin00101mount02222": "count", "salet00010drone00102": "voice", "salet00010drone00102voice02012": "coupe", "salet00002groin01100": "robot", "salet00002groin01100robot12002": "court", "salet00020rownd02010nymph10000": "coven", "salet00020rownd12000chevy20110": "cover", "salet00022cerne21000comet22022": "covet", "salet00020rownd02000": "gooey", "salet00020rownd02000gooey02022": "covey", "salet00020rownd12200": "zymic", "salet00020rownd12200zymic00001": "cower", "salet00100courd22000": "coyly", "salet01000brond02000copay20010": "crack", "salet01002crudo22000": "craft", "salet01000brond02000copay20110": "cramp", "salet01010beard01210": "cezve", "salet01010beard01210cezve20002": "crane", "salet01000brond02020": "flock", "salet01000brond02020flock00012": "crank", "salet11000crags22201": "crash", "salet11000crags22202": "crass", "salet01011grate02222": "crate", "salet01010beard01210cezve20022": "crave", "salet01100corni20100": "crawl", "salet01010beard01210cezve20102": "craze", "salet01000brond02000copay20012": "crazy", "salet01010beard01110cream22220": "creak", "salet00010drone12101": "credo", "salet00020rownd10002ficos00100": "creed", "salet00020rownd10000pubic10001": "creep", "salet00010drone02002campi20100": "creme", "salet00010drone02002campi20020": "crepe", "salet00012rieve10200": "crept", "salet10010rhone10001": "proud", "salet10010rhone10001proud02000": "cress", "salet10012quich00010": "crest", "salet00000courd20010": "crimp", "salet00000courd20010crimp22200": "crick", "salet00020rownd10002ficos01100": "cried", "salet00020rownd10000pubic00011": "crier", "salet00010drone02002campi20101": "crime", "salet10000mucho00100": "crisp", "salet00000courd21010bidon00010": "crock", "salet00010drone02222": "prone", "salet00010drone02222prone02222": "crone", "salet00000courd21010bidon00011": "crony", "salet00000courd21010bidon00020": "crook", "salet10000mucho00101": "cross", "salet00000courd21110": "curio", "salet00000courd21110curio21101": "croup", "salet00000courd21012": "crowd", "salet00000courd21010bidon00012": "crown", "salet00010drone12002pride02022": "crude", "salet00120bevor01001": "gruel", "salet00120bevor01001gruel02222": "cruel", "salet00000courd20210": "crumb", "salet00000courd20210crumb22220": "crump", "salet10000mucho01110": "crush", "salet10002doric00101": "crust", "salet00002groin02000": "crypt", "salet00000courd20100": "cubic", "salet00000courd20100cubic22020": "cumin", "salet00100courd20110": "curly", "salet00000courd20120": "curry", "salet10010rhone10002": "purse", "salet10010rhone10002purse02222": "curse", "salet00010drone01002": "vegie", "salet00010drone01002vegie10002": "curve", "salet00000courd20110": "curvy", "salet00011trite10102": "untie", "salet00011trite10102untie10222": "cutie", "salet00020rownd10000pubic00201": "cyber", "salet00110doing00000clump21000": "cycle", "salet02000corny00002podgy00202": "daddy", "salet02100bingy01002": "daily", "salet02000corny00102": "aahed", "salet02000corny00102aahed02001": "dairy", "salet12000sensi00021": "daisy", "salet02200rally02222": "dally", "salet02010cumin10001": "dance", "salet02000corny00012": "handy", "salet02000corny00012handy02222": "dandy", "salet02001corby00000": "faith", "salet02001corby00000faith02010": "datum", "salet02002thing10020": "lived", "salet02002thing10020lived00001": "daunt", "salet01112repla02021": "dealt", "salet01011grate00221": "death", "salet01010beard12111": "debar", "salet00012rieve01100edict11102": "debit", "salet00010drone20001": "debug", "salet00012rieve00100": "debut", "salet01110gnarl00102": "pedal", "salet01110gnarl00102pedal02122": "decal", "salet01010beard02101": "media", "salet01010beard02101media02101": "decay", "salet00010drone21101": "decor", "salet00010drone20101": "decoy", "salet00010drone21001": "derby", "salet00010drone21001derby22102": "decry", "salet00020rownd10001drier20022": "defer", "salet00010drone20011": "deign", "salet00011trite00221": "deity", "salet01210": "relay", "salet01210relay02222": "delay", "salet01211": "delta", "salet00210himbo00000": "jelly", "salet00210himbo00000jelly02200": "delve", "salet00010drone20111": "demon", "salet00010drone21001derby22100": "demur", "salet00010drone20011deign22101": "denim", "salet10010rhone00012": "dense", "salet00012rieve00100debut22002": "depot", "salet00011trite00021": "depth", "salet00021": "tutor", "salet00021tutor00202": "meter", "salet00021tutor00202meter02222": "deter", "salet00011trite10001": "detox", "salet00010drone20002": "deuce", "salet00110doing20100": "devil", "salet01000brond01001": "dwarf", "salet01000brond01001dwarf20220": "diary", "salet00020rownd00001": "dicey", "salet00002groin10020": "digit", "salet00200fugly00022dhobi20001": "dilly", "salet00100courd00001": "dimly", "salet00020rownd10011": "under", "salet00020rownd10011under01122": "diner", "salet00000courd01001": "widow", "salet00000courd01001widow02110": "dingo", "salet00000courd00001dying21111": "dingy", "salet00010drone20202": "diode", "salet00010drone21002": "dirge", "salet00001north00220": "dirty", "salet10000mucho00102": "disco", "salet00001north00012hider12100": "ditch", "salet00001north01020": "ditto", "salet00001north00020biked02001": "ditty", "salet00020rownd10001drier20122": "diver", "salet00000courd00001dying21100": "dizzy", "salet00010drone20102": "dodge", "salet00000courd02001": "howdy", "salet00000courd02001howdy02012": "dodgy", "salet00000courd02001howdy02010": "doing", "salet00200fugly00022dhobi20100": "dolly", "salet00000courd02011": "wordy", "salet00000courd02011wordy02110": "donor", "salet00002groin00101mount02112": "donut", "salet00020rownd02001": "modem", "salet00020rownd02001modem02120": "dopey", "salet00002groin00100": "doubt", "salet00000courd02201": "dough", "salet00000courd02001howdy02222": "dowdy", "salet00120bevor01010": "model", "salet00120bevor01010model02122": "dowel", "salet00000courd02001howdy02212": "downy", "salet00000courd02021": "dowry", "salet00020rownd02011": "dozen", "salet01002crudo02010": "draft", "salet01000brond02011": "drain", "salet01010beard01211": "drape", "salet01010beard01211drape22202": "drake", "salet01000brond02001": "drama", "salet01000brond02021": "drank", "salet01000brond02011drain22202": "drawn", "salet01010beard01112": "dread", "salet01010beard01111": "dream", "salet10010rhone10001proud02001": "dress", "salet00020rownd10002ficos01000": "pried", "salet00020rownd10002ficos01000pried02222": "dried", "salet00002groin02010": "drift", "salet00100courd00011": "drill", "salet00000courd00011": "drink", "salet00010drone22002": "drive", "salet00002groin02220": "droit", "salet00100courd01011": "drool", "salet00100courd01011drool22202": "droll", "salet00000courd01011": "droop", "salet10000mucho00001gross02222": "dross", "salet00010drone22202": "drove", "salet00000courd01011droop22200": "drown", "salet00000courd00212": "druid", "salet00000courd00211": "drunk", "salet00020rownd10001drier22022": "dryer", "salet00100courd00011drill22020": "dryly", "salet00000courd10101": "duchy", "salet00000courd00101dumpy22202": "dummy", "salet00010drone20012": "dunce", "salet10000mucho02000": "dusky", "salet10001": "gurdy", "salet10001gurdy02012": "dusty", "salet00001north00012hider10100": "dutch", "salet00022cerne01000": "quiet", "salet00022cerne01000quiet02022": "duvet", "salet00110doing20000": "dwell", "salet00112crews00210": "dwelt", "salet02020gormy10100": "eager", "salet02110creme00102": "eagle", "salet02110creme01100": "early", "salet02011haute12021": "earth", "salet12120": "easel", "salet02021tromp10000": "eaten", "salet02021tromp11000where00111": "eater", "salet00010drone00221": "ebony", "salet01212": "eclat", "salet00010drone10001": "medic", "salet00010drone10001medic01110": "edify", "salet00010drone01002vegie02022": "eerie", "salet00022cerne01201": "egret", "salet00012rieve02100": "eight", "salet00012rieve00201": "eject", "salet00010drone00021eying20222": "eking", "salet01111": "flips", "salet01111flips02000": "elate", "salet00120bevor01002": "elfin", "salet00120bevor01002elfin22000": "elder", "salet00112crews10200": "elect", "salet00110doing00110": "elfin", "salet00110doing10200": "elide", "salet00111": "title", "salet00111title11012": "elite", "salet00110doing01000elbow22010": "elope", "salet00110doing10000": "elude", "salet01110gnarl00202": "email", "salet00020rownd00002": "embed", "salet00020rownd10000pubic00200": "ember", "salet00020rownd00000chief10020": "emcee", "salet00011trite00021depth01220": "empty", "salet01012wrang00210": "enact", "salet00010drone10111": "endow", "salet00010drone00011begin01001": "enemy", "salet00010drone00111": "venom", "salet00010drone00111venom01120": "enjoy", "salet00010drone00011begin01011": "ennui", "salet10010rhone00012dense01112": "ensue", "salet00021tutor00202meter01222": "enter", "salet00011trite11001": "retro", "salet00011trite11001retro01220": "entry", "salet00010drone00111venom11120": "envoy", "salet00010drone00201": "epoch", "salet00010drone00201epoch22200": "epoxy", "salet01110gnarl00102pedal01022": "equal", "salet00010drone00001beech01000": "equip", "salet11010arose12022": "erase", "salet00012rieve10201": "erect", "salet00010drone12202": "erode", "salet00010drone02101": "error", "salet00012rieve10100": "erupt", "salet11010arose10011": "essay", "salet10021": "ester", "salet00021tutor10002": "ether", "salet00011trite10101": "ethic", "salet10011": "troth", "salet10011troth10101": "ethos", "salet00011trite10002": "etude", "salet00012rieve00211": "event", "salet00010drone01001furry00022": "every", "salet00012rieve01110": "evict", "salet00010drone00202zymic00000": "evoke", "salet01012wrang00200": "exact", "salet01112repla01021": "exalt", "salet00120bevor01000piend00100": "excel", "salet00012rieve10201erect21202": "exert", "salet00110doing00200": "while", "salet00110doing00200while00222": "exile", "salet10012quich00200": "exist", "salet00120bevor01000piend10100": "expel", "salet00111title00211": "extol", "salet01011grate01111": "extra", "salet00112crews00100": "exult", "salet02110creme00002": "fable", "salet02002thing10220": "faint", "salet02000corny00102aahed02000": "fairy", "salet12210": "false", "salet02000corny10012": "fancy", "salet02000corny00022": "nanny", "salet02000corny00022nanny02222": "fanny", "salet02010cumin10000": "farce", "salet02101": "natal", "salet02101natal02222": "fatal", "salet02001corby00002": "fanks", "salet02001corby00002fanks22000": "fatty", "salet02102": "fault", "salet02000corny00020": "fauna", "salet02000corny01100": "rover", "salet02000corny01100rover01202": "favor", "salet11012burfi00010": "feast", "salet01110gnarl00102pedal02022": "fecal", "salet00010drone00011begin02112": "feign", "salet01210relay02210": "fella", "salet00210himbo00001": "felon", "salet00010drone00002queue00102": "femme", "salet00010drone01001furry21100": "femur", "salet00010drone00012finch20220": "fence", "salet01110gnarl00112": "feral", "salet00010drone01001furry20222": "ferry", "salet01111flips21000": "fetal", "salet00011trite10001detox02200": "fetch", "salet00011trite10101ethic11020": "fetid", "salet10011troth10000": "fetus", "salet00020rownd10000pubic00000": "fever", "salet00020rownd10200": "fewer", "salet00020rownd10000pubic00210": "fiber", "salet00010drone01002vegie00012": "fibre", "salet10000mucho01200": "ficus", "salet00110doing10100": "fykes", "salet00110doing10100fykes20010": "field", "salet00010drone10021": "fiend", "salet00010drone01001furry20022": "fiery", "salet00001north00022": "width", "salet00001north00022width02022": "fifth", "salet00001north00020biked02000": "witty", "salet00001north00020biked02000witty02022": "fifty", "salet00002groin10010": "wharf", "salet00002groin10010wharf01001": "fight", "salet00220": "miaou", "salet00220miaou02000": "filer", "salet00222": "filet", "salet00200fugly20022": "filly", "salet00200fugly20012": "filmy", "salet00201": "tulip", "salet00201tulip10210": "filth", "salet01100corni00011align11101": "final", "salet00000courd10000": "whump", "salet00000courd10000whump01000": "finch", "salet00020rownd10010": "miner", "salet00020rownd10010miner02222": "finer", "salet10002doric00210": "first", "salet10000mucho00020": "fishy", "salet00020rownd10000pubic00010": "giver", "salet00020rownd10000pubic00010giver02022": "fixer", "salet00000courd00000": "nymph", "salet00000courd00000nymph01000": "jiffy", "salet00000courd00000nymph01000jiffy02102": "fizzy", "salet00000courd01022": "fjord", "salet01100corni00001alaap02200": "flail", "salet01100corni00101": "flair", "salet01110gnarl00201fehme20002": "flake", "salet01100corni00000amply10012": "flaky", "salet01110gnarl00201fehme20022": "flame", "salet01100corni00020biped00000": "flank", "salet11100pucks00001": "flash", "salet11100pucks00011": "flask", "salet00110doing00000clump12000": "fleck", "salet00122": "fleet", "salet10110aloes02011": "flesh", "salet00100courd10000": "flick", "salet00120bevor01002elfin12110": "flier", "salet00102flung22020": "flint", "salet00102flung22000": "flirt", "salet01102fungi20000": "float", "salet00100courd11000block02222": "flock", "salet00100courd01002blood02222": "flood", "salet00100courd01010prowl01201": "floor", "salet01100corni01100": "flora", "salet10100forbs21002": "floss", "salet00100courd01110": "flour", "salet00102flung22100": "flout", "salet00100courd01000bloom02200": "flown", "salet00100courd00200flung22200": "fluff", "salet00100courd00202": "fluid", "salet00110doing00000clump02200": "fluke", "salet00110doing00000clump02220": "flume", "salet00100courd00200flung22220": "flunk", "salet10100forbs20001": "flush", "salet00111title10012": "flute", "salet00120bevor01002elfin12100": "flyer", "salet01100corni12000": "favor", "salet01100corni12000favor21010": "focal", "salet10000mucho01201": "focus", "salet00000courd02000bongo02020": "foggy", "salet10002doric02010": "humfs", "salet10002doric02010humfs00011": "foist", "salet00200fugly20010": "folio", "salet00200fugly20022filly20222": "folly", "salet01000brond01100": "foray", "salet00010drone01102": "forge", "salet00010drone01102forge22202": "force", "salet00000courd02010": "moron", "salet00000courd02010moron02210": "forgo", "salet00011trite01022": "route", "salet00011trite01022route12022": "forte", "salet00001north02222": "forth", "salet00001north02220": "forty", "salet00000courd02110": "forum", "salet00000courd02202whomp00100bound02222": "found", "salet00020rownd12000chevy00101": "foyer", "salet01100corni00101flair21221": "frail", "salet01010beard01210cezve00002": "frame", "salet01000brond02020flock20002": "frank", "salet01000brond02002": "fraud", "salet01010beard01110cream02220": "wreak", "salet01010beard01110cream02220wreak02222": "freak", "salet00020rownd10002ficos20000": "freed", "salet00020rownd10000pubic00000fever21022": "freer", "salet10010rhone11001": "fresh", "salet01000brond02000copay00020": "friar", "salet00020rownd10002ficos21000": "fried", "salet00100courd00010": "gulfy", "salet00100courd00010gulfy00110": "frill", "salet00001north00120": "fritz", "salet00000courd11010": "frock", "salet00002groin02201": "front", "salet10002doric01100": "frost", "salet00000courd01010gimpy00000brown02222": "frown", "salet00010drone02202probe02202": "froze", "salet00002groin02020": "fruit", "salet00010drone10002hijab00000": "fudge", "salet00010drone00002queue02022": "fugue", "salet00200fugly22022": "fully", "salet00000courd00100funky22200": "fungi", "salet00000courd00100funky22202": "funny", "salet00000courd01110": "furor", "salet00000courd00120": "hurry", "salet00000courd00120hurry02222": "furry", "salet10000mucho02000dusky02202": "fussy", "salet00000courd00100funky22002": "fuzzy", "salet02010cumin00000badge02012": "gaffe", "salet02100bingy01012": "gaily", "salet02020gormy20110": "gamer", "salet02000corny00000": "gamma", "salet02002thing10001": "gamut", "salet12000sensi10020": "gassy", "salet02000corny00002podgy00112": "gaudy", "salet02010cumin01000": "gauge", "salet02002thing10021": "gaunt", "salet02010cumin01000gauge22202": "gauze", "salet02120lynch10000bagel02122": "gavel", "salet02000corny00002podgy00012": "gawky", "salet02020gormy20101": "gayer", "salet02100bingy00012": "gayly", "salet02020gormy20100": "gazer", "salet00010drone00101": "gecko", "salet00010drone00001beech02200": "geeky", "salet10010rhone00002": "geese", "salet00010drone00012finch01200": "genie", "salet00010drone01012": "nerve", "salet00010drone01012nerve12102": "genre", "salet10002doric01000": "ghost", "salet00100courd01100": "ghoul", "salet01002crudo00000await00212": "giant", "salet00000courd00001dying11101": "giddy", "salet10000mucho00000frisk00120": "gipsy", "salet00100courd00010gulfy20102": "girly", "salet00001north00222barge00210": "girth", "salet00020rownd00010": "mixup", "salet00020rownd00010mixup02000": "given", "salet01110gnarl20201": "glaze", "salet01110gnarl20201glaze22202": "glade", "salet01100corni00020biped00002": "gland", "salet01110gnarl20221": "glare", "salet11100pucks00002": "glass", "salet01110gnarl20101": "gleam", "salet01110gnarl21101": "glean", "salet00110doing10201": "glide", "salet00102flung02021": "glint", "salet01102fungi00010": "gloat", "salet00110doing01001": "glove", "salet00110doing01001glove22202": "globe", "salet00100courd01000bloom02222": "gloom", "salet00100courd01020": "glory", "salet10100forbs01002": "gloss", "salet00100courd00000fling02001": "glyph", "salet11000crags00211": "gnash", "salet00010drone00212": "gnome", "salet00100courd02001": "godly", "salet00000courd02000bongo02110": "going", "salet00220miaou10010": "golem", "salet00200fugly00122": "golly", "salet01000brond00112": "gonad", "salet00020rownd12010": "goner", "salet00000courd02001howdy02022": "goody", "salet00000courd02000bongo02011": "goofy", "salet10010rhone00202": "moose", "salet10010rhone00202moose02222": "goose", "salet00010drone01102forge02222": "gorge", "salet00010drone00102voice02002": "gouge", "salet00000courd02222": "gourd", "salet01010beard01210cezve10002": "grace", "salet01010beard01211drape12202": "grade", "salet01002crudo02000": "graft", "salet01100corni00101flair01221": "grail", "salet01000brond02010": "prawn", "salet01000brond02010prawn02202": "grain", "salet01000brond02022": "grand", "salet01002crudo02000graft22202": "grant", "salet01010beard01210cezve00002frame02202": "grape", "salet01000brond02000copay00110": "graph", "salet11000crags02211": "grasp", "salet11000crags02212": "grass", "salet01010beard01210cezve00022": "grave", "salet01000brond02000copay00012": "gravy", "salet01010beard01210cezve00102": "graze", "salet01012wrang02101": "great", "salet00020rownd10002ficos00000breed02222": "greed", "salet00020rownd10010miner00121": "preen", "salet00020rownd10010miner00121preen02222": "green", "salet00022cerne01101": "greet", "salet00020rownd10000pubic00010giver21021": "grief", "salet00100courd00010gulfy20100": "grill", "salet00010drone02002campi00101": "grime", "salet00000courd00010wring02201": "grimy", "salet00000courd00012": "rigid", "salet00000courd00012rigid11102": "grind", "salet00010drone02002campi00021": "gripe", "salet01000brond02210": "groan", "salet00000courd01010gimpy21000": "groin", "salet00000courd01010gimpy20100": "groom", "salet00010drone02202probe12202": "grope", "salet00000courd01110furor01110": "group", "salet00002groin22200": "grout", "salet00010drone02202probe02202froze02202": "grove", "salet00100courd01010prowl02222": "growl", "salet00000courd01010gimpy20000": "grown", "salet00000courd00210": "gruff", "salet00002groin22001": "grunt", "salet01000brond01002acrid10102": "guard", "salet01000brond00000chaff00200": "guava", "salet10010rhone00001": "pesky", "salet10010rhone00001pesky01100": "guess", "salet10012quich02000": "guest", "salet00010drone10002hijab01000": "guide", "salet00100courd00102build02222": "guild", "salet00110doing00201": "guile", "salet00102flung01101": "guilt", "salet10010rhone00002geese20022": "guise", "salet00200fugly02110": "gulch", "salet00200fugly02122": "gully", "salet00000courd00100funky02002guppy22002": "gummy", "salet10001gurdy22000": "gusto", "salet10001gurdy22002": "gusty", "salet10000mucho00000frisk00020": "gypsy", "salet02002thing11100": "habit", "salet02000corny00102aahed02100": "hairy", "salet02210": "halve", "salet02000corny00002podgy10002": "happy", "salet02000corny00202": "dempt", "salet02000corny00202dempt10000": "hardy", "salet02020gormy00210": "harem", "salet02000corny00202dempt00020": "harpy", "salet02000corny00202dempt00000": "harry", "salet12000sensi00020": "harsh", "salet12011chibs01001": "haste", "salet12001": "nitty", "salet12001nitty00022": "pasty", "salet12001nitty00022pasty02222": "hasty", "salet02001corby10000": "hawms", "salet02001corby10000hawms22000": "hatch", "salet02021tromp11000where01110": "hater", "salet02002thing11020": "haunt", "salet02020gormy00000": "waxen", "salet02020gormy00000waxen02022": "haven", "salet02000corny11000": "macho", "salet02000corny11000macho02111": "havoc", "salet02120lynch10001": "hazel", "salet01010beard02201": "heady", "salet01010beard02222": "heard", "salet01012wrang01200": "react", "salet01012wrang01200react12202": "heart", "salet01011grate00221death02222": "heath", "salet01010beard02200": "heave", "salet01010beard02200heave22220": "heavy", "salet00010drone10002hijab20000": "hedge", "salet00011trite00021depth02021": "hefty", "salet10012quich00201": "heist", "salet00210himbo21000": "helix", "salet00210himbo20002": "hello", "salet00010drone00012finch00221": "hence", "salet00010drone01111": "heron", "salet00200fugly00022dhobi01001": "hilly", "salet00010drone00012finch02201": "hinge", "salet00000courd01000inbox10010": "hippo", "salet00000courd00000nymph01021": "hippy", "salet00001north00012hider22000": "hitch", "salet01000brond01102": "hoard", "salet00000courd02000bongo12000": "hobby", "salet10002doric02010humfs20001": "hoist", "salet00200fugly00022dhobi01100": "holly", "salet00020rownd12000chevy01100": "homer", "salet00020rownd02010nymph11001": "honey", "salet00000courd02010moron02121": "honor", "salet00010drone11102": "horde", "salet00000courd02010moron02201": "horny", "salet10010rhone11102": "horse", "salet00101troll10120": "hotly", "salet00000courd02202whomp01100": "hound", "salet10010rhone01102": "house", "salet00120bevor01210": "hovel", "salet00020rownd12000chevy01110": "hover", "salet01000brond00010avian00022": "human", "salet00000courd00102": "humid", "salet00000courd01110furor02022": "humor", "salet00000courd00100funky02000": "humph", "salet10000mucho12010": "humus", "salet00000courd10100hempy20000": "hunch", "salet00000courd00100funky02222": "hunky", "salet10000mucho02010": "husky", "salet10000mucho02010husky22202": "hussy", "salet00001north00012hider20000": "hutch", "salet00000courd01021": "hydro", "salet01010beard01100enema01202": "hyena", "salet00020rownd00010mixup10000": "hymen", "salet00020rownd10000pubic10000": "hyper", "salet00100courd10000flick01210": "icily", "salet00000courd10000whump00000": "icing", "salet01110gnarl00102pedal01122": "ideal", "salet00000courd01001widow01120": "idiom", "salet00002groin00110": "idiot", "salet00220miaou01000": "idler", "salet00100courd00001dimly11021": "idyll", "salet00200fugly00110": "igloo", "salet01100corni10001": "iliac", "salet01010beard01200amuck12000": "image", "salet00010drone00002queue00022": "imbue", "salet00120bevor01000piend11100": "impel", "salet00100courd00000fling01100": "imply", "salet01010beard01200amuck10000": "inane", "salet00000courd10110": "incur", "salet00020rownd00011": "index", "salet00012rieve01200": "inept", "salet00012rieve11200": "inert", "salet00020rownd10010miner01122": "infer", "salet00002groin10111": "ingot", "salet01200allay00222": "inlay", "salet00222filet01222": "inlet", "salet00020rownd10010miner01222": "inner", "salet00002groin00011": "input", "salet00021tutor00202meter00222": "inter", "salet00001north11110": "intro", "salet00000courd12000": "ionic", "salet01011grate02222crate02222": "irate", "salet00000courd01010gimpy01002": "irony", "salet10222": "islet", "salet10010rhone00002geese00012": "issue", "salet00001north00011": "pithy", "salet00001north00011pithy01122": "itchy", "salet00000courd01020": "ivory", "salet02002thing10020lived00000": "jaunt", "salet02000corny00002podgy00002": "mammy", "salet02000corny00002podgy00002mammy02002": "jazzy", "salet00010drone01001furry00202": "jerky", "salet00011trite10021": "jetty", "salet00120bevor02000": "jewel", "salet00002groin00111": "point", "salet00002groin00111point02222": "joint", "salet10002doric02010humfs00001": "joist", "salet00200fugly00022dhobi00100": "jolly", "salet10002doric02000boost02022": "joust", "salet00010drone10002hijab00100": "judge", "salet00010drone00002queue02002": "juice", "salet00000courd10100hempy00002": "juicy", "salet00000courd01100gumbo02222": "jumbo", "salet00000courd00100funky02002guppy02022": "jumpy", "salet00001north11020": "junto", "salet00000courd01110furor02222": "juror", "salet02000corny00000gamma02002": "kappa", "salet02000corny00200": "karma", "salet02000corny00001": "kayak", "salet01010beard12100": "kebab", "salet01000brond00000chaff02200": "khaki", "salet00000courd00000nymph11000": "kinky", "salet10000mucho00001gross00220": "kiosk", "salet00001north00020biked02100": "kitty", "salet01000brond00010avian10001": "knack", "salet01010beard01200amuck10001": "knave", "salet01010beard01102amend10212": "knead", "salet00020rownd00012": "unfed", "salet00020rownd00012unfed02022": "kneed", "salet00120bevor01000piend00210": "kneel", "salet00112crews00200": "knelt", "salet00010drone00012finch11100": "knife", "salet00000courd11000": "knock", "salet00100courd01000bloom01200": "knoll", "salet00000courd01000inbox02010": "known", "salet01100corni02000": "modal", "salet01100corni02000modal02011": "koala", "salet00100courd00010gulfy00100": "krill", "salet02120lynch20000": "lapel", "salet02120lynch20000lapel22022": "label", "salet02120lynch20100": "laden", "salet02110creme00002fable02022": "ladle", "salet02120lynch20000lapel22020": "lager", "salet02110creme10002": "lance", "salet02100bingy00202": "lanky", "salet12110": "lapse", "salet02110creme01002": "large", "salet02100bingy00000papal02011": "larva", "salet12100basal02201": "lasso", "salet02101natal02201": "latch", "salet02121": "later", "salet02111": "latte", "salet02111latte22202": "lathe", "salet02100bingy00020": "laugh", "salet02120lynch21000": "layer", "salet01110gnarl00201fehme02100": "leach", "salet01110gnarl00201fehme12000": "leafy", "salet01110gnarl00201fehme02000": "leaky", "salet01112repla02011": "leant", "salet01112repla02111": "leapt", "salet01110gnarl01221": "learn", "salet11110aisle10112": "lease", "salet11110aisle10111": "leash", "salet11112": "least", "salet01110gnarl00201fehme02002": "leave", "salet00110doing10001": "ledge", "salet00110doing00000clump11000": "leech", "salet00110doing00000clump01000": "leery", "salet00111title10011": "lefty", "salet01110gnarl10102": "legal", "salet00110doing00001elegy11022": "leggy", "salet00110doing01010": "lemon", "salet00110doing00000clump01110": "lemur", "salet00120bevor02002": "leper", "salet00120bevor02200": "level", "salet00120bevor02202": "lever", "salet00120bevor11000": "libel", "salet00110doing00101": "liege", "salet00102flung01001": "light", "salet00120bevor01000piend02110": "linen", "salet00120bevor01000piend02110linen22022": "liken", "salet01200allay01220": "lilac", "salet00100courd01000bloom11101": "limbo", "salet00102flung01000": "limit", "salet00120bevor01002elfin11011": "liner", "salet00100courd01000bloom01100": "lingo", "salet00100courd00002livid22022": "lipid", "salet00111title02212": "lithe", "salet00120bevor01202": "liver", "salet01100corni00000amply11010": "llama", "salet01100corni02000modal12011": "loamy", "salet01101rotis02100": "loath", "salet00100courd02000": "wooly", "salet00100courd02000wooly02012": "lobby", "salet01100corni12000favor01010": "local", "salet10100forbs02002": "locus", "salet00110doing12001": "lodge", "salet00101troll10110": "lofty", "salet00100courd12000": "logic", "salet00100courd02000wooly02010": "login", "salet00100courd02000wooly02212": "loopy", "salet10110aloes01211": "loose", "salet00100courd02020": "lorry", "salet10120": "loser", "salet10110aloes01111": "louse", "salet10100forbs02001": "lousy", "salet00120bevor01212": "lover", "salet00120bevor01012": "older", "salet00120bevor01012older11022": "lower", "salet00100courd02000wooly12022": "lowly", "salet01100corni02000modal02022": "loyal", "salet00100courd10102": "lucid", "salet00100courd10100": "lucky", "salet00120bevor01000piend00110": "lumen", "salet00100courd00100": "lumpy", "salet01100corni00110": "lunar", "salet00100courd10100lucky22100": "lunch", "salet00110doing00011": "lunge", "salet10100forbs00002": "lupus", "salet00100courd10110": "lurch", "salet00100courd00112": "lurid", "salet10101": "lusty", "salet00100courd00000fling01222": "lying", "salet00100courd00000fling01000": "lymph", "salet00100courd10000flick01020": "lynch", "salet00100courd10010": "lyric", "salet02000corny10000": "magic", "salet02000corny10000magic22001": "macaw", "salet02000corny11100": "macro", "salet02000corny00000gamma02111": "madam", "salet02100bingy00002": "madly", "salet02000corny00000gamma02102": "mafia", "salet02000corny00000gamma12122": "magma", "salet02010cumin00110": "maize", "salet02000corny01100rover01002": "major", "salet02020gormy00110": "maker", "salet02000corny01000": "mambo", "salet02000corny00000gamma02222": "mamma", "salet02000corny00010": "manga", "salet02010cumin00101": "mange", "salet02000corny01010banjo02202": "mango", "salet02000corny00012handy02202": "mangy", "salet02000corny00010manga22202": "mania", "salet02000corny10010": "panic", "salet02000corny10010panic02222": "manic", "salet02100bingy00202lanky12202": "manly", "salet02000corny01110": "manor", "salet02110creme00012": "maple", "salet02000corny10200": "march", "salet02000corny00202dempt00100": "marry", "salet12000sensi00020harsh02222": "marsh", "salet12000sensi10100": "mason", "salet12010rucks00001": "masse", "salet02001corby10000hawms12010": "match", "salet02021tromp10010": "matey", "salet02010cumin01100": "mauve", "salet02000corny00000gamma02110": "maxim", "salet02010cumin00100": "maybe", "salet02000corny01101": "mayor", "salet01110gnarl00201fehme02010": "mealy", "salet01012wrang00220": "meant", "salet01011grate00221death02220": "meaty", "salet01010beard02100": "mecca", "salet01110gnarl00102pedal02222": "medal", "salet00220miaou20000": "melee", "salet00210himbo00101": "melon", "salet00010drone01001furry00202jerky02202": "mercy", "salet00010drone01002vegie02102": "merge", "salet00012rieve11100": "merit", "salet01111flips01000": "metal", "salet00011trite11001retro02222": "metro", "salet00000courd11020": "micro", "salet00010drone10002hijab02000": "midge", "salet10002doric10010": "midst", "salet00002groin10010wharf01000": "tight", "salet00002groin10010wharf01000tight02222": "might", "salet00200fugly00012": "milky", "salet00000courd10000whump00010": "mimic", "salet00010drone00012finch02220": "wince", "salet00010drone00012finch02220wince02222": "mince", "salet00000courd00000nymph10100": "minim", "salet00000courd01010gimpy02100": "minor", "salet00001north10020": "unity", "salet00001north10020unity01122": "minty", "salet10000mucho21000": "minus", "salet00001north00222barge00200": "mirth", "salet10020mhorr20002": "miser", "salet10000mucho20000": "missy", "salet01000brond00100foamy02110": "mocha", "salet00100courd02100": "mogul", "salet10002doric02010humfs00101": "moist", "salet01200allay00220": "polar", "salet01200allay00220polar02222": "molar", "salet00200fugly00012milky20202": "moldy", "salet00020rownd02010nymph11100": "money", "salet00001north12022": "month", "salet00000courd02001howdy02022goody02222": "moody", "salet01100corni02200": "moral", "salet00000courd02010moron22200": "morph", "salet10000mucho20001": "mossy", "salet00121hotel02222": "motel", "salet00001north02010": "topic", "salet00001north02010topic12020": "motif", "salet00001north02110": "motor", "salet00102flung01200": "moult", "salet00000courd02202whomp00110": "mound", "salet00000courd02220": "mourn", "salet10010rhone00102poise02022": "mouse", "salet00001north02022umber11000": "mouth", "salet00020rownd12000chevy00110": "mover", "salet00010drone00102voice12102": "movie", "salet00020rownd12200zymic00100": "mower", "salet00000courd10100hempy00102": "mucky", "salet10000mucho22200": "mucus", "salet00000courd00101dumpy12102": "muddy", "salet00200fugly02010": "mulch", "salet00000courd00100funky02002guppy02002": "mummy", "salet00000courd10100hempy10100": "munch", "salet01100corni00200": "rural", "salet01100corni00200rural02222": "mural", "salet00000courd00110": "rugby", "salet00000courd00110rugby12002": "murky", "salet10000mucho22020": "mushy", "salet10000mucho22100": "music", "salet10000mucho22000": "musky", "salet10001gurdy02002": "musty", "salet00000courd00020": "myrrh", "salet02000corny00110": "nadir", "salet02010cumin00011": "naive", "salet12100basal02222": "nasal", "salet12001nitty20022": "nasty", "salet02100bingy00100": "naval", "salet02120lynch10100": "navel", "salet00010drone10011": "needy", "salet00010drone00011begin02111": "neigh", "salet00010drone11011": "nerdy", "salet00020rownd10010miner00122": "never", "salet00020rownd10210": "newer", "salet00110doing00010": "uncle", "salet00110doing00010uncle01021": "newly", "salet00020rownd10010miner02122": "nicer", "salet00010drone00012finch02111": "niche", "salet00010drone00012finch02120": "niece", "salet00002groin10011": "night", "salet01000brond00010avian10101": "ninja", "salet00000courd00000nymph21000": "ninny", "salet00001north20022": "ninth", "salet00110doing02010": "noble", "salet00100courd02000wooly02022": "nobly", "salet10010rhone00112": "noise", "salet10000mucho00001gross00120": "noisy", "salet01000brond00112gonad02122": "nomad", "salet10010rhone00212": "noose", "salet10020mhorr00100": "nosey", "salet00001north22012": "notch", "salet00120bevor01210hovel02222": "novel", "salet00010drone10012": "undue", "salet00010drone10012undue11202": "nudge", "salet10010rhone10012": "nurse", "salet00001north20020": "nutty", "salet00200fugly00011": "nylon", "salet02020gormy01000": "oaken", "salet10010rhone00102poise01022": "obese", "salet00000courd11110": "occur", "salet01010beard01100enema01201": "ocean", "salet01101rotis01200": "octal", "salet00022cerne11000": "octet", "salet00020rownd11001": "order", "salet00020rownd11001order20222": "odder", "salet00100courd01001": "oddly", "salet01100corni01000aloof11101": "offal", "salet00020rownd11000": "offer", "salet00021tutor00210": "often", "salet00120bevor01010model01221": "olden", "salet00110doing01200": "olive", "salet00010drone01102forge01102": "ombre", "salet01010beard01100enema00212": "omega", "salet00000courd01000inbox12020": "onion", "salet10022upbow00010": "onset", "salet01010beard01120afire10021": "opera", "salet00010drone00122": "opine", "salet00000courd01100gumbo01101": "opium", "salet00001north01010": "outgo", "salet00001north01010outgo20200": "optic", "salet00002groin02120": "orbit", "salet01000brond02110": "organ", "salet00021tutor10012": "other", "salet00021tutor10212": "otter", "salet00002groin10100": "ought", "salet00010drone00112": "ounce", "salet00001north01010outgo22202": "outdo", "salet00021tutor02212": "outer", "salet01000brond01100foray01112": "ovary", "salet00012rieve10210": "overt", "salet00010drone00122opine20222": "ovine", "salet00000courd01002": "ovoid", "salet00000courd01000inbox11010": "owing", "salet00020rownd11110": "owner", "salet00010drone10102": "oxide", "salet00010drone00222": "ozone", "salet02000corny00002podgy20202": "paddy", "salet02000corny00010manga02111": "pagan", "salet02002thing10220faint02222": "paint", "salet12200": "palsy", "salet02120lynch10200": "panel", "salet12000sensi00220": "pansy", "salet02020gormy00100caper02222": "paper", "salet02020gormy00200": "parer", "salet02000corny00200karma12202": "parka", "salet02000corny00202dempt00010": "parry", "salet12010rucks10001": "parse", "salet02001corby00202": "warty", "salet02001corby00202warty02222": "party", "salet12001nitty00020": "pasta", "salet12011chibs00001": "talpa", "salet12011chibs00001talpa12010": "paste", "salet02001corby10000hawms12000": "patch", "salet02001corby01000": "tango", "salet02001corby01000tango12002": "patio", "salet12001nitty00202": "patsy", "salet02001corby00002fanks02000": "tatty", "salet02001corby00002fanks02000tatty02222": "patty", "salet12010rucks01001": "pause", "salet02020gormy00001": "payee", "salet02020gormy00101": "payer", "salet01010beard02200heave02202": "peace", "salet01010beard02200heave12200": "peach", "salet01110gnarl00222": "pearl", "salet01010beard02100mecca02201": "pecan", "salet01110gnarl01102": "penal", "salet00010drone00012finch00220": "pence", "salet00010drone00022": "penne", "salet00010drone00021eying11020": "penny", "salet00010drone01001furry00200": "perch", "salet00110doing00100rifle11011": "peril", "salet00010drone01001furry00202jerky02222": "perky", "salet10011troth00120": "pesto", "salet01111flips01010": "petal", "salet00011trite10021jetty02222": "petty", "salet11010arose10022chase02222": "phase", "salet00010drone00222ozone00222": "phone", "salet00000courd01000inbox01010": "phony", "salet00001north01021": "photo", "salet01000brond00120": "piano", "salet00000courd10000whump00001": "picky", "salet00010drone00002queue00202": "piece", "salet00011trite00121": "piety", "salet00000courd00000nymph01010": "piggy", "salet00202": "pilot", "salet00000courd10000whump01001": "pinch", "salet00020rownd00010mixup02001": "piney", "salet00000courd00000nymph11010": "pinky", "salet00001north11020junto00222": "pinto", "salet00020rownd10000pubic20010": "piper", "salet00010drone00002queue10022": "pique", "salet00001north00012hider12000": "pitch", "salet00002groin00110idiot10022": "pivot", "salet00120bevor01000piend22100": "pixel", "salet00010drone00002queue00002chime00102": "pixie", "salet01000brond00000chaff00100": "pizza", "salet01110gnarl00201fehme00002blade02202": "place", "salet01100corni00001alaap02201": "plaid", "salet01100corni00011align12102": "plain", "salet01102fungi00001": "plait", "salet01110gnarl01201": "plane", "salet01100corni00020biped00100": "plank", "salet01102fungi00100": "plant", "salet01111flips02010": "plate", "salet01100corni00000amply10110": "plaza", "salet01110gnarl00101amble10011": "plead", "salet01112repla01111": "pleat", "salet00120bevor01000piend21102": "plied", "salet00120bevor01002elfin12010": "plier", "salet00100courd10200": "pluck", "salet00100courd00200flung02200": "plump", "salet00100courd00200flung02200plump22220": "plumb", "salet00110doing00000clump02221": "plume", "salet00100courd00200flung02220": "plunk", "salet10100forbs00001": "plush", "salet10010rhone00101": "poesy", "salet00020rownd12000chevy00100joker02222": "poker", "salet01200allay10200": "polka", "salet00200fugly00011nylon01210": "polyp", "salet00000courd12000ionic02001": "pooch", "salet00000courd02000bongo02000": "poppy", "salet00000courd12010": "rocky", "salet00000courd12010rocky12100": "porch", "salet10020mhorr00102": "poser", "salet10002doric02020": "posit", "salet10010rhone00102poise22022": "posse", "salet00000courd12200": "pouch", "salet00000courd02202whomp00101": "pound", "salet00001north02020motto02020": "pouty", "salet00020rownd12200zymic00000": "power", "salet01000brond02020flock00002": "prank", "salet10010rhone10001proud22000": "press", "salet00010drone02002campi10011": "price", "salet00000courd10010birch01120": "prick", "salet00010drone02002campi00111": "prime", "salet00000courd01010gimpy01110": "primo", "salet00002groin02011": "print", "salet00000courd01010gimpy01010": "prior", "salet10000mucho10000": "prism", "salet00000courd00010wring02200": "privy", "salet00010drone02002campi00011": "prize", "salet00000courd01010gimpy10010": "prong", "salet00000courd01010gimpy00010": "proof", "salet10010rhone10202": "prose", "salet00000courd01112": "proud", "salet00010drone02202probe22202": "prove", "salet00000courd01010gimpy00012": "proxy", "salet00010drone12002pride22022": "prude", "salet00010drone02022brine02022": "prune", "salet11100pucks20001": "psalm", "salet00000courd10100hempy00010": "pubic", "salet00000courd00101dumpy12012": "pudgy", "salet00000courd00100funky12002": "puffy", "salet00200fugly02012bulky02202": "pulpy", "salet10210": "welsh", "salet10210welsh01220": "pulse", "salet00000courd10100hempy10010": "punch", "salet01100corni00000amply10210": "pupal", "salet00100courd00100lumpy12010": "pupil", "salet00000courd00100funky02002guppy02222": "puppy", "salet00020rownd10000pubic22000": "purer", "salet00020rownd10000pubic22000purer22220": "puree", "salet00010drone01002vegie00102": "purge", "salet10000mucho02020bushy02222": "pushy", "salet00001north00020biked00000": "putty", "salet00000courd00000nymph02110": "pygmy", "salet01000brond00000chaff10200": "quack", "salet01100corni00001alaap01200": "quail", "salet01010beard01200amuck10101": "quake", "salet01100corni00000amply11020": "qualm", "salet01000brond01000chair00201": "quark", "salet01002crudo01100": "quart", "salet11000crags00201awash00222": "quash", "salet11000crags00201awash00220": "quasi", "salet00020rownd00010mixup00010": "queen", "salet00020rownd10000pubic02000": "queer", "salet00110doing00000clump01100": "quell", "salet00010drone01001furry02022": "query", "salet10012quich22000": "quest", "salet00000courd10100hempy00000": "quick", "salet00100courd00100lumpy12000": "quill", "salet00000courd00120hurry02020": "quirk", "salet00011trite00222": "unite", "salet00011trite00222unite10222": "quite", "salet01001tronc10200": "quota", "salet00011trite00022chute00122": "quote", "salet00001north01022": "quoth", "salet02000corny00100": "rapid", "salet02000corny00100rapid22010": "rabbi", "salet02000corny00100rapid22022": "rabid", "salet02020gormy00100caper12022": "racer", "salet02000corny00100rapid22001": "radar", "salet02000corny00100rapid22021": "radii", "salet02000corny01100rover21000": "radio", "salet02000corny00122": "rainy", "salet12010rucks20001": "raise", "salet02000corny00100rapid22000": "rajah", "salet02200rally22200": "ralph", "salet02020gormy00110maker12021": "ramen", "salet02000corny10110": "ranch", "salet02000corny00112": "randy", "salet02010cumin00001": "range", "salet02020gormy00200parer02222": "rarer", "salet12000sensi10000": "raspy", "salet02001corby01100": "ratio", "salet02001corby00102": "ratty", "salet02020gormy00100caper02021": "raven", "salet02000corny01111": "rayon", "salet02000corny01100rover21002": "razor", "salet01010beard02210": "reach", "salet01010beard02211": "ready", "salet01110gnarl00211": "realm", "salet01010beard02220": "yearn", "salet01010beard02220yearn02220": "rearm", "salet01010beard12110": "rehab", "salet01010beard12110rehab22021": "rebar", "salet00120bevor12001": "rebel", "salet10010rhone20001": "rebus", "salet00012rieve20100": "rebut", "salet01010beard02110": "repay", "salet01010beard02110repay22120": "recap", "salet00010drone01001furry01110": "recur", "salet00012rieve20100rebut22022": "recut", "salet00010drone11001": "weird", "salet00010drone11001weird02011": "reedy", "salet00020rownd20000": "river", "salet00020rownd20000river20022": "refer", "salet00012rieve21100": "refit", "salet01110gnarl10112": "regal", "salet00010drone01011": "rerun", "salet00010drone01011rerun22002": "reign", "salet01210relay22220": "relax", "salet00210himbo01000": "relic", "salet00012rieve21100refit22022": "remit", "salet01110gnarl01112": "renal", "salet00020rownd20110": "renew", "salet00120bevor02001": "repel", "salet00110doing00000clump01001": "reply", "salet10022upbow00000": "reset", "salet10010rhone20011": "resin", "salet00011trite11001retro22200": "retch", "salet00011trite11001retro22220": "retry", "salet10010rhone20002": "reuse", "salet00120bevor02201": "revel", "salet00010drone01002vegie12002": "revue", "salet00000courd01010gimpy01000": "rhino", "salet00010drone01002vegie00002": "rhyme", "salet00020rownd20001": "rider", "salet00010drone11002": "ridge", "salet00002groin11010": "right", "salet00000courd01010gimpy12000": "rigor", "salet10010rhone20012": "rinse", "salet00020rownd20010": "ripen", "salet00020rownd20000river22022": "riper", "salet10020mhorr00010": "risen", "salet10020mhorr00012": "riser", "salet10000mucho00000frisk01111": "risky", "salet01100corni00101flair01111": "rival", "salet00022cerne01100": "rivet", "salet01000brond01100foray02110": "roach", "salet11002scrob10110": "roast", "salet00000courd02010moron02102": "robin", "salet00020rownd22001": "rodeo", "salet00020rownd22000": "rover", "salet00020rownd22000rover22022": "roger", "salet00010drone01102forge02112": "rogue", "salet00000courd02010moron12110": "roomy", "salet10002doric02100": "roost", "salet00001north02110motor02222": "rotor", "salet00010drone01102forge02122": "rouge", "salet00000courd02210": "rough", "salet00000courd02212": "round", "salet10010rhone20102": "rouse", "salet00000courd02011wordy12122": "rowdy", "salet00020rownd22200": "rower", "salet01100corni02100": "royal", "salet00000courd00111": "ruddy", "salet00020rownd20001rider20222": "ruder", "salet00220miaou00001": "ruler", "salet01000brond11000": "umbra", "salet01000brond11000umbra11112": "rumba", "salet00000courd01110furor02122": "rumor", "salet00020rownd20000river20020": "rupee", "salet10001gurdy02102": "rusty", "salet22100": "sadly", "salet22020": "safer", "salet22002": "saint", "salet22200": "sados", "salet22200sados22100": "salad", "salet22200sados22000": "sally", "salet22200sados22020": "salon", "salet22200sados22001": "salsa", "salet22201": "salty", "salet22210": "salve", "salet22200sados22010": "salvo", "salet22000": "pudsy", "salet22000pudsy00112": "sandy", "salet22020safer22022": "saner", "salet22000pudsy10012": "sappy", "salet22000pudsy00022": "sassy", "salet22001": "satin", "salet22001satin22200": "satyr", "salet22010": "sauce", "salet22000pudsy01012": "saucy", "salet22000pudsy01010": "sauna", "salet22011": "saute", "salet22000pudsy00010": "savor", "salet22000pudsy00012": "savvy", "salet22000pudsy00012savvy22202": "savoy", "salet21100": "chill", "salet21100chill10020": "curdy", "salet21100chill10020curdy10010": "scald", "salet21110": "scale", "salet21100chill10020curdy10000": "scalp", "salet21100chill10020curdy10002": "scaly", "salet21000": "cramp", "salet21000cramp10222": "scamp", "salet21002": "rheum", "salet21002rheum00000": "scant", "salet21010": "pharm", "salet21010pharm00220": "scare", "salet21000cramp11200": "scary", "salet21000cramp11200scary22220": "scarf", "salet20010": "prink", "salet20010prink00020": "shone", "salet20010prink00020shone20022": "scene", "salet20012": "swept", "salet20012swept20202": "scent", "salet20000": "unrip", "salet20000unrip01010": "swing", "salet20000unrip01010swing20210": "scion", "salet20000unrip00000": "smock", "salet20000unrip00000smock20210": "scoff", "salet20100": "plink", "salet20100plink01000": "shyly", "salet20100plink01000shyly20020": "scold", "salet20010prink00020shone20222": "scone", "salet20000unrip00002": "swoop", "salet20000unrip00002swoop20222": "scoop", "salet20010prink10000": "scope", "salet20010prink01000": "merch", "salet20010prink01000merch01110": "score", "salet20000unrip01100": "nohow", "salet20000unrip01100nohow11000": "scorn", "salet20000unrip10100": "scour", "salet20002": "churn", "salet20002churn10100": "scout", "salet20100plink01000shyly20010": "scowl", "salet21000cramp11110": "scram", "salet21000cramp11102": "scrap", "salet20020": "hewer", "salet20020hewer01021": "spree", "salet20020hewer01021spree20222": "scree", "salet20020hewer00121": "screw", "salet20000unrip10200": "scrub", "salet20000unrip10200scrub22220": "scrum", "salet21000cramp10100": "scuba", "salet21010pharm00100": "sneak", "salet21010pharm00100sneak21120": "sedan", "salet20010prink00000": "shove", "salet20010prink00000shove20001": "seedy", "salet20010prink00000shove20002": "segue", "salet20010prink00200": "seize", "salet20020hewer02020": "semen", "salet20010prink00010": "sense", "salet21010pharm10100": "speak", "salet21010pharm10100speak21110": "sepia", "salet20010prink01100": "serif", "salet20010prink01000merch12200": "serum", "salet20010prink01000merch02200": "serve", "salet20011": "prink", "salet20011prink10000": "setup", "salet20020hewer02020semen22022": "seven", "salet20020hewer02022": "sever", "salet20020hewer02222": "sewer", "salet21000cramp10200": "snack", "salet21000cramp10200snack20222": "shack", "salet21010pharm02200": "khuds", "salet21010pharm02200khuds02021": "shade", "salet21000cramp00200": "shaky", "salet21000cramp00200shaky22202": "shady", "salet21002rheum02000": "shaft", "salet21010pharm02200khuds12001": "shake", "salet21110scale20222": "shale", "salet21100chill02022": "shall", "salet21102": "shalt", "salet21010pharm02201": "shame", "salet21000cramp00200shaky22210": "shank", "salet21010pharm12200": "shape", "salet21000cramp01200": "shard", "salet21010pharm02220": "share", "salet21000cramp01200shard22220": "shark", "salet21000cramp01202": "sharp", "salet21010pharm02200khuds02001": "shave", "salet21100chill02002": "shoal", "salet21100chill02002shoal22012": "shawl", "salet21010pharm02110": "shear", "salet20020hewer11020": "sheep", "salet20020hewer11020sheep22220": "sheen", "salet20020hewer11022": "sheer", "salet20022": "sheet", "salet20010prink00102": "sheik", "salet20110": "chimo", "salet20110chimo02000": "shelf", "salet20110chimo02000shelf22220": "shell", "salet20020hewer10020": "shied", "salet20002churn02000": "shoot", "salet20002churn02000shoot22002": "shift", "salet20010prink00220": "swine", "salet20010prink00220swine20222": "shine", "salet20000unrip01010swing20220": "shiny", "salet20010prink01200": "shire", "salet20000unrip00110": "shirk", "salet20002churn02020": "shirt", "salet20000unrip00000smock20222": "shock", "salet20000unrip00000smock20202": "shook", "salet20010prink01000merch01101": "shore", "salet20000unrip01100nohow11100": "shorn", "salet20002churn02020shirt22022": "short", "salet20002churn02100": "shout", "salet20000unrip01000": "swoon", "salet20000unrip01000swoon21202": "shown", "salet20000unrip00000smock20200": "showy", "salet20020hewer10121": "shrew", "salet20000unrip10200scrub20222": "shrub", "salet20000unrip10200scrub20220": "shrug", "salet20000unrip10000": "shuck", "salet20002churn02201": "shunt", "salet20000unrip10000shuck22200": "shush", "salet20010prink00100": "siege", "salet20010prink00100siege22202": "sieve", "salet20002churn01000": "sight", "salet21000cramp00120": "sigma", "salet20200": "silly", "salet20200silly22202": "silky", "salet20010prink00110": "since", "salet20020hewer00120": "sinew", "salet20010prink00110since22202": "singe", "salet20020hewer00021": "siren", "salet20000unrip00010": "swish", "salet20000unrip00010swish20120": "sissy", "salet20001": "pinko", "salet20001pinko02000": "sixth", "salet20001pinko02000sixth22220": "sixty", "salet21011": "gryke", "salet21011gryke00012": "skate", "salet20020hewer00022": "knops", "salet20020hewer00022knops10001": "skier", "salet20000unrip00010swish20200": "skiff", "salet20100plink01201": "skill", "salet20000unrip00012": "skimp", "salet20002churn00020": "sport", "salet20002churn00020sport20022": "skirt", "salet20100plink01002": "skulk", "salet20100plink01001": "skull", "salet20000unrip11000": "conks", "salet20000unrip11000conks00111": "skunk", "salet21100chill10010": "slack", "salet21100chill00110": "slain", "salet21100chill00010": "slang", "salet21102shalt20212": "slant", "salet21100chill01010": "slash", "salet21111": "stale", "salet21111stale21212": "slate", "salet21110scale20212": "slave", "salet20120": "sleek", "salet20120sleek22220": "sleep", "salet20122": "sleet", "salet20112": "slept", "salet20110chimo10200": "slice", "salet20100plink02202": "slick", "salet20110chimo00200": "slide", "salet20110chimo00220": "slime", "salet20100plink02200": "slimy", "salet20100plink02220": "sling", "salet20100plink02222": "slink", "salet20100plink12000": "slump", "salet20100plink12000slump22002": "sloop", "salet20110chimo00001": "slope", "salet20100plink02000": "slosh", "salet20101": "still", "salet20101still21010": "sloth", "salet20100plink02020": "slung", "salet20100plink02022": "slunk", "salet20100plink12000slump22202": "slurp", "salet20100plink02000slosh22022": "slush", "salet20100plink02000slosh22000": "slyly", "salet21000cramp10210": "smack", "salet21100chill00022": "small", "salet21002rheum10001": "smart", "salet21000cramp00210": "smash", "salet21010pharm00111": "smear", "salet20110chimo00010": "smell", "salet20112slept21202": "smelt", "salet20110chimo00210": "smile", "salet20000unrip00110shirk20222": "smirk", "salet20011prink00200": "smite", "salet20001pinko01000": "stiff", "salet20001pinko01000stiff21200": "smith", "salet20010prink00001": "smoke", "salet20000unrip00000smock22201": "smoky", "salet20011prink00000": "smote", "salet21100chill00102": "snail", "salet21010pharm00200": "snake", "salet21000cramp00200shaky20222": "snaky", "salet21010pharm00220scare20222": "snare", "salet21100chill00002": "snarl", "salet20020hewer01022": "sneer", "salet20010prink00210": "snide", "salet20000unrip02010": "sniff", "salet20010prink10210": "snipe", "salet20000unrip02002": "snoop", "salet20010prink01010": "snore", "salet20002churn00021": "snort", "salet20002churn00101": "snout", "salet20000unrip02000": "snowy", "salet20000unrip12000": "snuck", "salet20000unrip12000snuck22200": "snuff", "salet21000cramp00201": "spawn", "salet21000cramp00201spawn21200": "soapy", "salet20020hewer00022knops00101": "sober", "salet20000unrip00000smock20100": "soggy", "salet21200": "solar", "salet20200silly21200": "solid", "salet20210": "solve", "salet21000cramp01100": "sonar", "salet20000unrip01020": "sonic", "salet20001pinko00001": "story", "salet20001pinko00001story21200": "sooth", "salet20001pinko00001story21202": "sooty", "salet20000unrip00200": "sorry", "salet20000unrip11000conks02101": "sound", "salet20001pinko00001story21100": "south", "salet20020hewer00222": "sower", "salet21010pharm10200": "spade", "salet21010pharm10200spade22202": "space", "salet21000cramp00201spawn22201": "spank", "salet21010pharm10220": "spare", "salet21000cramp01201": "spark", "salet21000cramp00211": "spasm", "salet21010pharm10110": "spear", "salet20010prink10002": "speck", "salet20020hewer01020": "speed", "salet20110chimo00000": "spell", "salet20112slept21212": "spelt", "salet20010prink10020": "spend", "salet20012swept20212": "spent", "salet20010prink11000": "spore", "salet20010prink11000spore22021": "sperm", "salet20010prink10200": "spice", "salet20000unrip00011": "spiky", "salet20000unrip00011spiky22202": "spicy", "salet20020hewer00020": "spied", "salet20120sleek21020": "spiel", "salet20010prink10201": "spike", "salet20100plink11200": "spill", "salet20102": "spilt", "salet20010prink10220": "spine", "salet20000unrip01011": "spiny", "salet20010prink11200": "spire", "salet20011prink10200": "spite", "salet21202": "splat", "salet20202": "split", "salet20100plink11100": "spoil", "salet20010prink10001": "spoke", "salet20000unrip00001": "spoof", "salet20000unrip00001spoof22220": "spook", "salet20100plink11000": "spool", "salet20000unrip01001": "spoon", "salet20002churn00100": "spout", "salet21000cramp01101": "spray", "salet20000unrip00221": "sprig", "salet20000unrip11001": "spunk", "salet20000unrip11101": "spurn", "salet20002churn00220": "spurt", "salet21000cramp00100": "squad", "salet21002rheum00010": "squat", "salet20000unrip10020": "squib", "salet21001": "prink", "salet21001prink00002": "stack", "salet21001prink00000": "stash", "salet21001prink00000stash22200": "staff", "salet21011gryke10002": "stage", "salet21001prink00100": "staid", "salet21001prink00110": "stain", "salet21001prink01100": "stair", "salet21011gryke00022": "stake", "salet21101": "stalk", "salet21101stalk22220": "stall", "salet21001prink10000": "stamp", "salet21001prink00020": "stand", "salet21001prink00022": "stank", "salet21011gryke01002": "stare", "salet21001prink01002": "stark", "salet21002rheum10000": "start", "salet21011gryke00002": "state", "salet21011gryke00002state22202": "stave", "salet21011gryke00001": "steam", "salet21011gryke00001steam22220": "stead", "salet21011gryke00011": "steak", "salet21111stale22111": "steal", "salet20021": "dorms", "salet20021dorms10001": "steed", "salet20121": "steel", "salet20021dorms00001": "steep", "salet20021dorms00101": "steer", "salet20011prink00110": "stein", "salet20011prink01010": "stern", "salet20001pinko01010": "stick", "salet20102spilt20222": "stilt", "salet20001pinko01100": "sting", "salet20001pinko01110": "stink", "salet20002churn00001": "stint", "salet20001pinko00011": "stock", "salet20001pinko01001": "stoic", "salet20011prink00001": "stoke", "salet20111": "style", "salet20111style22022": "stole", "salet20001pinko10001": "stoop", "salet20001pinko10001stoop22202": "stomp", "salet20011prink00020": "stone", "salet20001pinko00101": "stony", "salet20001pinko00001story22200": "stood", "salet20101still22002": "stool", "salet20011prink01000": "store", "salet20001pinko00011stock22202": "stork", "salet20001pinko00001story22220": "storm", "salet20002churn00100spout20222": "stout", "salet20011prink00000smote20212": "stove", "salet21001prink11000": "strap", "salet21001prink01000": "stray", "salet21001prink01000stray22220": "straw", "salet20001pinko11000": "strip", "salet20002churn00110": "strut", "salet20001pinko00010": "stuck", "salet20001pinko00000": "study", "salet20001pinko00000study22200": "stuff", "salet20001pinko10000": "stump", "salet20001pinko00100": "stung", "salet20001pinko00110": "stunk", "salet20002churn00201": "stunt", "salet21010pharm00200snake20202": "suave", "salet21000cramp01100sonar20022": "sugar", "salet20000unrip11010": "suing", "salet20011prink00200smite20222": "suite", "salet20200silly20202": "sulky", "salet20200silly20222": "sully", "salet21000cramp10110": "sumac", "salet20000unrip11000conks00201": "sunny", "salet20020hewer00022knops00011": "super", "salet20020hewer00022knops00001": "surer", "salet20010prink01000merch01200": "surge", "salet20100plink01000shyly20022": "surly", "salet20000unrip10010": "sushi", "salet21000cramp00220": "swami", "salet21000cramp00222": "swamp", "salet21000cramp01210": "swarm", "salet21000cramp00200shaky21200": "swash", "salet21001prink00000stash21202": "swath", "salet21010pharm00110": "swear", "salet21012": "sweat", "salet20020hewer01120": "sweep", "salet20022sheet20222": "sweet", "salet20110chimo00000spell20222": "swell", "salet20002churn00000": "swift", "salet20100plink01200": "swill", "salet20100plink01200swill22202": "swirl", "salet20000unrip00100": "sword", "salet20010prink01000merch01100": "swore", "salet20000unrip01100nohow11001": "sworn", "salet20000unrip11000conks00101": "swung", "salet20000unrip01000swoon20021": "synod", "salet20000unrip10202": "syrup", "salet02001corby00022": "tabby", "salet02111latte12102": "table", "salet02001corby01010baton12120": "taboo", "salet02002thing20100": "tacit", "salet02001corby10002": "tacky", "salet02001corby00002fanks12000": "taffy", "salet02002thing20220": "taint", "salet02021tromp20000": "taken", "salet02021tromp21000": "taker", "salet02201": "tally", "salet02201tally22200": "talon", "salet02021tromp21010": "tamer", "salet02001corby00002fanks02200": "tangy", "salet02021tromp21001": "taper", "salet02001corby00100": "tapir", "salet02001corby00202warty02212": "tardy", "salet02002thing20000": "tarot", "salet12011chibs00001talpa22000": "taste", "salet12001nitty00122": "tasty", "salet02002thing20020": "taunt", "salet02001corby00002fanks02100": "tawny", "salet01011grate00211": "teach", "salet01011grate01211": "teary", "salet11011": "tease", "salet00011trite20001": "teddy", "salet00011trite20021": "teeth", "salet00011trite20001teddy22000": "tempo", "salet00022cerne02011": "tenet", "salet00011trite21001": "tenor", "salet10011troth20000": "tense", "salet00011trite20021teeth22022": "tenth", "salet00021tutor20000": "tweed", "salet00021tutor20000tweed20120": "tepee", "salet00011trite20101": "tepid", "salet01011grate01111extra10122": "terra", "salet10011troth21000": "terse", "salet10011troth20020": "testy", "salet01001tronc20020": "thank", "salet00012rieve00200": "theft", "salet00011trite21101": "their", "salet00011trite20002": "theme", "salet00011trite21002": "there", "salet10011troth20001": "these", "salet01011grate00121": "theta", "salet00001north00011pithy01110": "thick", "salet00021tutor20000tweed20020": "thief", "salet00001north00012hider11000": "thigh", "salet00001north10011": "thing", "salet00001north10011thing22220": "think", "salet00001north00111": "third", "salet00001north11011": "thong", "salet00001north11111": "thorn", "salet10011troth20201": "those", "salet00021tutor20001": "three", "salet00021tutor20001three22220": "threw", "salet00001north01211": "throw", "salet00001north01211throw22220": "throb", "salet00001north00211": "thrum", "salet00001north00011pithy00110": "thumb", "salet00001north00011pithy10110": "thump", "salet00011trite20002theme22022": "thyme", "salet01001tronc21000": "tiara", "salet01001tronc20000": "tibia", "salet01101rotis00110": "tidal", "salet00021tutor20002": "timer", "salet00021tutor20002timer22022": "tiger", "salet00211": "tilde", "salet00001north00010": "timid", "salet10001gurdy00002": "tipsy", "salet01001tronc20010": "titan", "salet00011trite20112": "tithe", "salet11002scrob10010": "toast", "salet01001tronc20100": "today", "salet00001north02010topic22000": "toddy", "salet00021tutor20010": "token", "salet01101rotis02100loath12110": "tonal", "salet01001tronc20110": "tonga", "salet00001north12010": "tonic", "salet00001north02022umber00000": "tooth", "salet01001tronc20100today22020": "topaz", "salet00001north02212": "torch", "salet10001gurdy00200": "torso", "salet10001gurdy01200": "torus", "salet01101rotis02200": "total", "salet00021tutor20210": "totem", "salet00001north02012botch02122": "touch", "salet00001north02012botch02102": "tough", "salet00121hotel02122": "towel", "salet00021tutor20012": "tower", "salet00001north02010topic22022": "toxic", "salet00001north12010tonic22120": "toxin", "salet01011grate02212": "trade", "salet01011grate02212trade22202": "trace", "salet01001tronc22001": "track", "salet01002crudo12000": "tract", "salet01101rotis10120": "trail", "salet01001tronc22010": "train", "salet01002crudo02000graft02202": "trait", "salet01001tronc22000": "tramp", "salet11001artsy12120": "trash", "salet01101rotis10100": "trawl", "salet01011grate02111": "tread", "salet01012wrang02100": "treat", "salet00011trite22001": "trend", "salet01001tronc22000tramp22100": "triad", "salet01101rotis10110": "trial", "salet00011trite22202": "scowp", "salet00011trite22202scowp00000": "tribe", "salet00011trite22202scowp01000": "trice", "salet00001north00110": "trump", "salet00001north00110trump22000": "trick", "salet00021tutor20001three20120": "tried", "salet00011trite22202scowp00001": "tripe", "salet00001north01110": "tutor", "salet00001north01110tutor20021": "troop", "salet00011trite22002": "trope", "salet00002groin02200": "trout", "salet00011trite22002trope22202": "trove", "salet00011trite22002trope22002": "truce", "salet00001north00110trump22200": "truck", "salet00021tutor21002": "truer", "salet00101troll22020": "truly", "salet00001north10110": "trunk", "salet10001gurdy01100": "truss", "salet10002doric00100": "tryst", "salet10002doric00100tryst22022": "trust", "salet00001north00122": "truth", "salet01101rotis00100": "tubal", "salet00021tutor22002": "tuber", "salet00211tilde20202": "tulle", "salet00001north01110tutor22022": "tumor", "salet00001north10010": "tunic", "salet00001north01210": "turbo", "salet01001tronc20020thank20220": "twang", "salet01011grate00111": "tweak", "salet00022cerne01001": "tweet", "salet00011trite20202": "twine", "salet00011trite20202twine22202": "twice", "salet00101troll21002": "twirl", "salet10002doric00010": "twist", "salet00002groin00010": "twixt", "salet00001north10010tunic20110": "tying", "salet00020rownd10001drier10022": "udder", "salet00120bevor01002elfin12000": "ulcer", "salet01101rotis10200altar12201": "ultra", "salet00002groin00001": "uncut", "salet00000courd00102humid01022": "undid", "salet00002groin00021": "unfit", "salet00000courd00100funky11102": "unify", "salet00000courd01100gumbo01001": "union", "salet00202pilot01202": "unlit", "salet00022cerne01010": "unmet", "salet10022upbow20000": "unset", "salet00101troll10002": "until", "salet00020rownd00212": "unwed", "salet00000courd00100funky01100": "unzip", "salet00020rownd10000pubic11000": "upper", "salet10022upbow22000": "upset", "salet01000brond12010": "urban", "salet00010drone02022brine02222": "urine", "salet11010arose10012": "usage", "salet10020mhorr01002": "usher", "salet10000mucho01000": "virus", "salet10000mucho01000virus01011": "using", "salet11100pucks01001": "usual", "salet10000mucho01000virus00111": "usurp", "salet00111title11022": "utile", "salet00021tutor11202": "utter", "salet02010cumin01000gauge12102": "vague", "salet02222": "valet", "salet02200rally02200": "valid", "salet02200rally12200": "valor", "salet02210halve02212": "value", "salet02210halve02222": "valve", "salet02000corny00000gamma02000": "vapid", "salet02000corny01100rover01102": "vapor", "salet02102fault02222": "vault", "salet02002thing10020lived00100": "vaunt", "salet01010beard02100mecca02001": "vegan", "salet00010drone00012finch00200": "venue", "salet00010drone01002vegie22102": "verge", "salet10010rhone10002purse00222": "verse", "salet10010rhone10101": "verso", "salet00010drone01002vegie22002": "verve", "salet01000brond01000chair10112": "vicar", "salet00020rownd01001": "video", "salet00100courd00000fling01101": "vigil", "salet00000courd01010gimpy12000rigor02222": "vigor", "salet01200allay11200": "villa", "salet00100courd00000fling01110": "vinyl", "salet01100corni01001": "viola", "salet00020rownd10000pubic10010": "viper", "salet01100corni00201": "viral", "salet10002doric00020": "visit", "salet10000mucho00001gross01110": "visor", "salet11001artsy10110": "vista", "salet01101rotis00210": "vital", "salet00000courd00002": "vivid", "salet00020rownd00010mixup02200": "vixen", "salet01100corni12000favor01110": "vocal", "salet01000brond00101dogma12002": "vodka", "salet00010drone00102voice22002": "vogue", "salet01100corni02001": "voila", "salet00002groin00120": "vomit", "salet00021tutor00212": "voter", "salet00000courd12200pouch02222": "vouch", "salet00120bevor01110": "vowel", "salet00000courd00000nymph12000": "vying", "salet02000corny10002": "wacky", "salet02020gormy00100caper02022waver22022": "wafer", "salet02020gormy10100eager02222": "wager", "salet02000corny01010banjo02101": "wagon", "salet12002": "waist", "salet02010cumin00010": "waive", "salet02201tally12200": "waltz", "salet12011chibs00001talpa12000": "waste", "salet02001corby10000hawms12100": "watch", "salet02021tromp11000where20110": "water", "salet01010beard02220yearn12220": "weary", "salet01010beard02200heave02222": "weave", "salet00010drone10002hijab00000fudge00222": "wedge", "salet00010drone10001medic02100": "weedy", "salet00010drone00001beech02002": "weigh", "salet00210himbo10000": "welch", "salet00010drone00011begin02001": "wench", "salet01000brond00000chaff12200": "whack", "salet01110gnarl00201fehme00102": "whale", "salet01000brond01000chair02201": "wharf", "salet01012wrang20100": "wheat", "salet00120bevor01000piend00200": "wheel", "salet00110doing00000clump01002": "whelp", "salet00010drone01002vegie01002": "where", "salet00000courd10000whump22000": "which", "salet00000courd00000nymph00001": "whiff", "salet00010drone00022penne00022": "whine", "salet00000courd00000nymph11001": "whiny", "salet00100courd00020": "whirl", "salet10000mucho00010": "whisk", "salet00011trite00222unite00222": "white", "salet00110doing01000elbow11011": "whole", "salet00000courd01000inbox00020": "whoop", "salet00020rownd00111": "widen", "salet00020rownd10101": "wider", "salet00110doing10100fykes00010": "wield", "salet00002groin10010wharf21000": "wight", "salet00200fugly00022dhobi00001": "willy", "salet00000courd00000nymph01220": "wimpy", "salet00000courd10000whump21000": "winch", "salet00000courd00001dying11110": "windy", "salet10020mhorr00002": "wiser", "salet10000mucho00000frisk00110": "wispy", "salet00001north00012hider12000pitch02222": "witch", "salet00020rownd02110": "minks", "salet00020rownd02110minks00110": "woken", "salet01000brond00110axion10012": "woman", "salet00020rownd02110minks10100": "women", "salet00000courd02001howdy02122": "woody", "salet00020rownd12100": "wooer", "salet00000courd02000bongo02001": "woozy", "salet00100courd02012": "world", "salet00000courd02020": "worry", "salet10010rhone10102": "worse", "salet10002doric02200": "worst", "salet00001north02222forth02222": "worth", "salet00100courd02202": "would", "salet00000courd02202whomp20100": "wound", "salet00020rownd02110minks00100": "woven", "salet01000brond02000copay10010": "wrack", "salet01001tronc12000": "wrath", "salet00010drone02001": "wreck", "salet10012quich00000": "wrest", "salet10002doric00110": "wrist", "salet00011trite02222": "write", "salet00000courd01010gimpy10000": "wrong", "salet00011trite02022brute02022": "wrote", "salet00000courd00210gruff12200": "wrung", "salet00100courd00010gulfy00102": "wryly", "salet02002thing11000": "yacht", "salet11012burfi00000": "yeast", "salet00110doing10100fykes01010": "yield", "salet00000courd02200bough02210": "young", "salet00001north02022umber10000": "youth", "salet01010beard12120": "zebra", "salet10011troth00020": "zesty", "salet01100corni02010": "zonal"}